[0.000000] (-) TimerEvent: {}
[0.001267] (gazebo_worlds) JobQueued: {'identifier': 'gazebo_worlds', 'dependencies': OrderedDict()}
[0.001409] (robot_model) JobQueued: {'identifier': 'robot_model', 'dependencies': OrderedDict()}
[0.001487] (sr_interfaces) JobQueued: {'identifier': 'sr_interfaces', 'dependencies': OrderedDict()}
[0.001616] (bt) JobQueued: {'identifier': 'bt', 'dependencies': OrderedDict({'sr_interfaces': '/home/fintan/ME4857Assignment2-master/install/sr_interfaces'})}
[0.001677] (start_up) JobQueued: {'identifier': 'start_up', 'dependencies': OrderedDict({'robot_model': '/home/fintan/ME4857Assignment2-master/install/robot_model', 'sr_interfaces': '/home/fintan/ME4857Assignment2-master/install/sr_interfaces', 'bt': '/home/fintan/ME4857Assignment2-master/install/bt'})}
[0.001737] (sr_interfaces) JobStarted: {'identifier': 'sr_interfaces'}
[0.023978] (robot_model) JobStarted: {'identifier': 'robot_model'}
[0.042465] (gazebo_worlds) JobStarted: {'identifier': 'gazebo_worlds'}
[0.061105] (sr_interfaces) JobProgress: {'identifier': 'sr_interfaces', 'progress': 'cmake'}
[0.068643] (sr_interfaces) Command: {'cmd': ['/usr/bin/cmake', '/home/fintan/ME4857Assignment2-master/src/sr_interfaces', '-DCMAKE_INSTALL_PREFIX=/home/fintan/ME4857Assignment2-master/install/sr_interfaces'], 'cwd': '/home/fintan/ME4857Assignment2-master/build/sr_interfaces', 'env': OrderedDict({'PYTHON_BASIC_REPL': '1', 'LESSOPEN': '| /usr/bin/lesspipe %s', 'GZ_SIM_RESOURCE_PATH': '/opt/ros/jazzy/share', 'USER': 'fintan', 'GZ_CONFIG_PATH': '/opt/ros/jazzy/opt/gz_sim_vendor/share/gz:/opt/ros/jazzy/opt/sdformat_vendor/share/gz:/opt/ros/jazzy/opt/gz_gui_vendor/share/gz:/opt/ros/jazzy/opt/gz_transport_vendor/share/gz:/opt/ros/jazzy/opt/gz_rendering_vendor/share/gz:/opt/ros/jazzy/opt/gz_plugin_vendor/share/gz:/opt/ros/jazzy/opt/gz_fuel_tools_vendor/share/gz:/opt/ros/jazzy/opt/gz_msgs_vendor/share/gz:/opt/ros/jazzy/opt/gz_common_vendor/share/gz', 'GIT_ASKPASS': '/home/fintan/.vscode-server/bin/034f571df509819cc10b0c8129f66ef77a542f0e/extensions/git/dist/askpass.sh', 'SHLVL': '2', 'LD_LIBRARY_PATH': '/opt/ros/jazzy/opt/gz_sim_vendor/lib:/opt/ros/jazzy/opt/gz_sensors_vendor/lib:/opt/ros/jazzy/opt/gz_physics_vendor/lib:/opt/ros/jazzy/opt/sdformat_vendor/lib:/opt/ros/jazzy/opt/rviz_ogre_vendor/lib:/opt/ros/jazzy/lib/x86_64-linux-gnu:/opt/ros/jazzy/opt/gz_gui_vendor/lib:/opt/ros/jazzy/opt/gz_transport_vendor/lib:/opt/ros/jazzy/opt/gz_rendering_vendor/lib:/opt/ros/jazzy/opt/gz_plugin_vendor/lib:/opt/ros/jazzy/opt/gz_fuel_tools_vendor/lib:/opt/ros/jazzy/opt/gz_msgs_vendor/lib:/opt/ros/jazzy/opt/gz_common_vendor/lib:/opt/ros/jazzy/opt/gz_math_vendor/lib:/opt/ros/jazzy/opt/gz_utils_vendor/lib:/opt/ros/jazzy/opt/gz_tools_vendor/lib:/opt/ros/jazzy/opt/gz_ogre_next_vendor/lib:/opt/ros/jazzy/opt/gz_dartsim_vendor/lib:/opt/ros/jazzy/opt/gz_cmake_vendor/lib:/opt/ros/jazzy/lib', 'HOME': '/home/fintan', 'TERM_PROGRAM_VERSION': '1.118.1', 'VSCODE_IPC_HOOK_CLI': '/run/user/1000/vscode-ipc-2ba379c7-4516-42f4-82f1-e99d6d20f8f5.sock', 'ROS_PYTHON_VERSION': '3', 'VSCODE_GIT_ASKPASS_MAIN': '/home/fintan/.vscode-server/bin/034f571df509819cc10b0c8129f66ef77a542f0e/extensions/git/dist/askpass-main.js', 'VSCODE_GIT_ASKPASS_NODE': '/home/fintan/.vscode-server/bin/034f571df509819cc10b0c8129f66ef77a542f0e/node', 'PYDEVD_DISABLE_FILE_VALIDATION': '1', 'BUNDLED_DEBUGPY_PATH': '/home/fintan/.vscode-server/extensions/ms-python.debugpy-2026.6.0-linux-x64/bundled/libs/debugpy', 'VSCODE_PYTHON_AUTOACTIVATE_GUARD': '1', 'DBUS_SESSION_BUS_ADDRESS': 'unix:path=/run/user/1000/bus', 'COLORTERM': 'truecolor', 'WSL_DISTRO_NAME': 'Ubuntu-24.04', 'WAYLAND_DISPLAY': 'wayland-0', 'ROS_DISTRO': 'jazzy', 'LOGNAME': 'fintan', 'NAME': 'Code', 'WSL_INTEROP': '/run/WSL/626_interop', 'PULSE_SERVER': 'unix:/mnt/wslg/PulseServer', '_': '/usr/bin/colcon', 'ROS_VERSION': '2', 'CLAUDE_CODE_SSE_PORT': '12561', 'TERM': 'xterm-256color', 'PATH': '/home/fintan/.vscode-server/bin/034f571df509819cc10b0c8129f66ef77a542f0e/bin/remote-cli:/opt/ros/jazzy/opt/gz_msgs_vendor/bin:/opt/ros/jazzy/opt/gz_tools_vendor/bin:/opt/ros/jazzy/opt/gz_ogre_next_vendor/bin:/opt/ros/jazzy/bin:/usr/local/sbin:/usr/local/bin:/usr/sbin:/usr/bin:/sbin:/bin:/usr/games:/usr/local/games:/usr/lib/wsl/lib:/mnt/c/Program Files/WindowsApps/MicrosoftCorporationII.WindowsSubsystemForLinux_2.6.3.0_x64__8wekyb3d8bbwe:/mnt/c/Program Files/Oculus/Support/oculus-runtime:/mnt/c/Program Files (x86)/NVIDIA Corporation/PhysX/Common:/mnt/c/WINDOWS/system32:/mnt/c/WINDOWS:/mnt/c/WINDOWS/System32/Wbem:/mnt/c/WINDOWS/System32/WindowsPowerShell/v1.0/:/mnt/c/WINDOWS/System32/OpenSSH/:/mnt/c/Program Files (x86)/Microsoft SQL Server/80/Tools/Binn/:/mnt/c/Program Files (x86)/IVI Foundation/VISA/WinNT/Bin/:/mnt/c/Program Files/IVI Foundation/VISA/Win64/Bin/:/mnt/c/Program Files (x86)/Microsoft SQL Server/110/Tools/Binn/:/mnt/c/Program Files (x86)/Microsoft SQL Server/110/DTS/Binn/:/mnt/c/Program Files (x86)/National Instruments/Shared/LabVIEW CLI:/mnt/c/Program Files (x86)/IVI Foundation/VISA/WinNT/Bin:/mnt/c/Program Files/MATLAB/R2024a/runtime/win64:/mnt/c/Program Files/MATLAB/R2024a/bin:/mnt/c/Program Files/dotnet/:/mnt/c/Program Files (x86)/Windows Kits/10/Windows Performance Toolkit/:/mnt/c/Program Files (x86)/Windows Kits/8.1/Windows Performance Toolkit/:/mnt/c/WINDOWS/system32:/mnt/c/WINDOWS:/mnt/c/WINDOWS/System32/Wbem:/mnt/c/WINDOWS/System32/WindowsPowerShell/v1.0/:/mnt/c/WINDOWS/System32/OpenSSH/:/mnt/c/Program Files/Git/cmd:/mnt/c/Users/finta/AppData/Local/Microsoft/WindowsApps:/mnt/c/Users/finta/.dotnet/tools:/mnt/c/Users/finta/AppData/Local/Programs/Microsoft VS Code/bin:/snap/bin:/home/fintan/.vscode-server/extensions/ms-python.debugpy-2026.6.0-linux-x64/bundled/scripts/noConfigScripts', 'XDG_RUNTIME_DIR': '/run/user/1000/', 'DISPLAY': ':0', 'VSCODE_DEBUGPY_ADAPTER_ENDPOINTS': '/home/fintan/.vscode-server/extensions/ms-python.debugpy-2026.6.0-linux-x64/.noConfigDebugAdapterEndpoints/endpoint-636eeb89a7caa7be.txt', 'LANG': 'en_US.UTF-8', 'PYTHONSTARTUP': '/home/fintan/.vscode-server/data/User/workspaceStorage/4725ec95605af0bd791a71f3d485e46e/ms-python.python/pythonrc.py', 'LS_COLORS': 'rs=0:di=01;34:ln=01;36:mh=00:pi=40;33:so=01;35:do=01;35:bd=40;33;01:cd=40;33;01:or=40;31;01:mi=00:su=37;41:sg=30;43:ca=00:tw=30;42:ow=34;42:st=37;44:ex=01;32:*.tar=01;31:*.tgz=01;31:*.arc=01;31:*.arj=01;31:*.taz=01;31:*.lha=01;31:*.lz4=01;31:*.lzh=01;31:*.lzma=01;31:*.tlz=01;31:*.txz=01;31:*.tzo=01;31:*.t7z=01;31:*.zip=01;31:*.z=01;31:*.dz=01;31:*.gz=01;31:*.lrz=01;31:*.lz=01;31:*.lzo=01;31:*.xz=01;31:*.zst=01;31:*.tzst=01;31:*.bz2=01;31:*.bz=01;31:*.tbz=01;31:*.tbz2=01;31:*.tz=01;31:*.deb=01;31:*.rpm=01;31:*.jar=01;31:*.war=01;31:*.ear=01;31:*.sar=01;31:*.rar=01;31:*.alz=01;31:*.ace=01;31:*.zoo=01;31:*.cpio=01;31:*.7z=01;31:*.rz=01;31:*.cab=01;31:*.wim=01;31:*.swm=01;31:*.dwm=01;31:*.esd=01;31:*.avif=01;35:*.jpg=01;35:*.jpeg=01;35:*.mjpg=01;35:*.mjpeg=01;35:*.gif=01;35:*.bmp=01;35:*.pbm=01;35:*.pgm=01;35:*.ppm=01;35:*.tga=01;35:*.xbm=01;35:*.xpm=01;35:*.tif=01;35:*.tiff=01;35:*.png=01;35:*.svg=01;35:*.svgz=01;35:*.mng=01;35:*.pcx=01;35:*.mov=01;35:*.mpg=01;35:*.mpeg=01;35:*.m2v=01;35:*.mkv=01;35:*.webm=01;35:*.webp=01;35:*.ogm=01;35:*.mp4=01;35:*.m4v=01;35:*.mp4v=01;35:*.vob=01;35:*.qt=01;35:*.nuv=01;35:*.wmv=01;35:*.asf=01;35:*.rm=01;35:*.rmvb=01;35:*.flc=01;35:*.avi=01;35:*.fli=01;35:*.flv=01;35:*.gl=01;35:*.dl=01;35:*.xcf=01;35:*.xwd=01;35:*.yuv=01;35:*.cgm=01;35:*.emf=01;35:*.ogv=01;35:*.ogx=01;35:*.aac=00;36:*.au=00;36:*.flac=00;36:*.m4a=00;36:*.mid=00;36:*.midi=00;36:*.mka=00;36:*.mp3=00;36:*.mpc=00;36:*.ogg=00;36:*.ra=00;36:*.wav=00;36:*.oga=00;36:*.opus=00;36:*.spx=00;36:*.xspf=00;36:*~=00;90:*#=00;90:*.bak=00;90:*.crdownload=00;90:*.dpkg-dist=00;90:*.dpkg-new=00;90:*.dpkg-old=00;90:*.dpkg-tmp=00;90:*.old=00;90:*.orig=00;90:*.part=00;90:*.rej=00;90:*.rpmnew=00;90:*.rpmorig=00;90:*.rpmsave=00;90:*.swp=00;90:*.tmp=00;90:*.ucf-dist=00;90:*.ucf-new=00;90:*.ucf-old=00;90:', 'VSCODE_GIT_IPC_HANDLE': '/run/user/1000/vscode-git-3ab7d89383.sock', 'TERM_PROGRAM': 'vscode', 'AMENT_PREFIX_PATH': '/opt/ros/jazzy', 'SHELL': '/bin/bash', 'LESSCLOSE': '/usr/bin/lesspipe %s %s', 'ROS_AUTOMATIC_DISCOVERY_RANGE': 'SUBNET', 'VSCODE_GIT_ASKPASS_EXTRA_ARGS': '', 'PWD': '/home/fintan/ME4857Assignment2-master/build/sr_interfaces', 'XDG_DATA_DIRS': '/usr/local/share:/usr/share:/var/lib/snapd/desktop', 'PYTHONPATH': '/opt/ros/jazzy/lib/python3.12/site-packages', 'COLCON': '1', 'WSL2_GUI_APPS_ENABLED': '1', 'HOSTTYPE': 'x86_64', 'CMAKE_PREFIX_PATH': '/opt/ros/jazzy/opt/gz_sim_vendor:/opt/ros/jazzy/opt/gz_sensors_vendor:/opt/ros/jazzy/opt/gz_physics_vendor:/opt/ros/jazzy/opt/sdformat_vendor:/opt/ros/jazzy/opt/gz_gui_vendor:/opt/ros/jazzy/opt/gz_transport_vendor:/opt/ros/jazzy/opt/gz_rendering_vendor:/opt/ros/jazzy/opt/gz_plugin_vendor:/opt/ros/jazzy/opt/gz_fuel_tools_vendor:/opt/ros/jazzy/opt/gz_msgs_vendor:/opt/ros/jazzy/opt/gz_common_vendor:/opt/ros/jazzy/opt/gz_math_vendor:/opt/ros/jazzy/opt/gz_utils_vendor:/opt/ros/jazzy/opt/gz_tools_vendor:/opt/ros/jazzy/opt/gz_ogre_next_vendor:/opt/ros/jazzy/opt/gz_dartsim_vendor:/opt/ros/jazzy/opt/gz_cmake_vendor:/opt/ros/jazzy', 'WSLENV': 'ELECTRON_RUN_AS_NODE/w:'}), 'shell': False}
[0.081045] (robot_model) JobProgress: {'identifier': 'robot_model', 'progress': 'cmake'}
[0.095651] (robot_model) Command: {'cmd': ['/usr/bin/cmake', '/home/fintan/ME4857Assignment2-master/src/robot_model', '-DCMAKE_INSTALL_PREFIX=/home/fintan/ME4857Assignment2-master/install/robot_model'], 'cwd': '/home/fintan/ME4857Assignment2-master/build/robot_model', 'env': OrderedDict({'PYTHON_BASIC_REPL': '1', 'LESSOPEN': '| /usr/bin/lesspipe %s', 'GZ_SIM_RESOURCE_PATH': '/opt/ros/jazzy/share', 'USER': 'fintan', 'GZ_CONFIG_PATH': '/opt/ros/jazzy/opt/gz_sim_vendor/share/gz:/opt/ros/jazzy/opt/sdformat_vendor/share/gz:/opt/ros/jazzy/opt/gz_gui_vendor/share/gz:/opt/ros/jazzy/opt/gz_transport_vendor/share/gz:/opt/ros/jazzy/opt/gz_rendering_vendor/share/gz:/opt/ros/jazzy/opt/gz_plugin_vendor/share/gz:/opt/ros/jazzy/opt/gz_fuel_tools_vendor/share/gz:/opt/ros/jazzy/opt/gz_msgs_vendor/share/gz:/opt/ros/jazzy/opt/gz_common_vendor/share/gz', 'GIT_ASKPASS': '/home/fintan/.vscode-server/bin/034f571df509819cc10b0c8129f66ef77a542f0e/extensions/git/dist/askpass.sh', 'SHLVL': '2', 'LD_LIBRARY_PATH': '/opt/ros/jazzy/opt/gz_sim_vendor/lib:/opt/ros/jazzy/opt/gz_sensors_vendor/lib:/opt/ros/jazzy/opt/gz_physics_vendor/lib:/opt/ros/jazzy/opt/sdformat_vendor/lib:/opt/ros/jazzy/opt/rviz_ogre_vendor/lib:/opt/ros/jazzy/lib/x86_64-linux-gnu:/opt/ros/jazzy/opt/gz_gui_vendor/lib:/opt/ros/jazzy/opt/gz_transport_vendor/lib:/opt/ros/jazzy/opt/gz_rendering_vendor/lib:/opt/ros/jazzy/opt/gz_plugin_vendor/lib:/opt/ros/jazzy/opt/gz_fuel_tools_vendor/lib:/opt/ros/jazzy/opt/gz_msgs_vendor/lib:/opt/ros/jazzy/opt/gz_common_vendor/lib:/opt/ros/jazzy/opt/gz_math_vendor/lib:/opt/ros/jazzy/opt/gz_utils_vendor/lib:/opt/ros/jazzy/opt/gz_tools_vendor/lib:/opt/ros/jazzy/opt/gz_ogre_next_vendor/lib:/opt/ros/jazzy/opt/gz_dartsim_vendor/lib:/opt/ros/jazzy/opt/gz_cmake_vendor/lib:/opt/ros/jazzy/lib', 'HOME': '/home/fintan', 'TERM_PROGRAM_VERSION': '1.118.1', 'VSCODE_IPC_HOOK_CLI': '/run/user/1000/vscode-ipc-2ba379c7-4516-42f4-82f1-e99d6d20f8f5.sock', 'ROS_PYTHON_VERSION': '3', 'VSCODE_GIT_ASKPASS_MAIN': '/home/fintan/.vscode-server/bin/034f571df509819cc10b0c8129f66ef77a542f0e/extensions/git/dist/askpass-main.js', 'VSCODE_GIT_ASKPASS_NODE': '/home/fintan/.vscode-server/bin/034f571df509819cc10b0c8129f66ef77a542f0e/node', 'PYDEVD_DISABLE_FILE_VALIDATION': '1', 'BUNDLED_DEBUGPY_PATH': '/home/fintan/.vscode-server/extensions/ms-python.debugpy-2026.6.0-linux-x64/bundled/libs/debugpy', 'VSCODE_PYTHON_AUTOACTIVATE_GUARD': '1', 'DBUS_SESSION_BUS_ADDRESS': 'unix:path=/run/user/1000/bus', 'COLORTERM': 'truecolor', 'WSL_DISTRO_NAME': 'Ubuntu-24.04', 'WAYLAND_DISPLAY': 'wayland-0', 'ROS_DISTRO': 'jazzy', 'LOGNAME': 'fintan', 'NAME': 'Code', 'WSL_INTEROP': '/run/WSL/626_interop', 'PULSE_SERVER': 'unix:/mnt/wslg/PulseServer', '_': '/usr/bin/colcon', 'ROS_VERSION': '2', 'CLAUDE_CODE_SSE_PORT': '12561', 'TERM': 'xterm-256color', 'PATH': '/home/fintan/.vscode-server/bin/034f571df509819cc10b0c8129f66ef77a542f0e/bin/remote-cli:/opt/ros/jazzy/opt/gz_msgs_vendor/bin:/opt/ros/jazzy/opt/gz_tools_vendor/bin:/opt/ros/jazzy/opt/gz_ogre_next_vendor/bin:/opt/ros/jazzy/bin:/usr/local/sbin:/usr/local/bin:/usr/sbin:/usr/bin:/sbin:/bin:/usr/games:/usr/local/games:/usr/lib/wsl/lib:/mnt/c/Program Files/WindowsApps/MicrosoftCorporationII.WindowsSubsystemForLinux_2.6.3.0_x64__8wekyb3d8bbwe:/mnt/c/Program Files/Oculus/Support/oculus-runtime:/mnt/c/Program Files (x86)/NVIDIA Corporation/PhysX/Common:/mnt/c/WINDOWS/system32:/mnt/c/WINDOWS:/mnt/c/WINDOWS/System32/Wbem:/mnt/c/WINDOWS/System32/WindowsPowerShell/v1.0/:/mnt/c/WINDOWS/System32/OpenSSH/:/mnt/c/Program Files (x86)/Microsoft SQL Server/80/Tools/Binn/:/mnt/c/Program Files (x86)/IVI Foundation/VISA/WinNT/Bin/:/mnt/c/Program Files/IVI Foundation/VISA/Win64/Bin/:/mnt/c/Program Files (x86)/Microsoft SQL Server/110/Tools/Binn/:/mnt/c/Program Files (x86)/Microsoft SQL Server/110/DTS/Binn/:/mnt/c/Program Files (x86)/National Instruments/Shared/LabVIEW CLI:/mnt/c/Program Files (x86)/IVI Foundation/VISA/WinNT/Bin:/mnt/c/Program Files/MATLAB/R2024a/runtime/win64:/mnt/c/Program Files/MATLAB/R2024a/bin:/mnt/c/Program Files/dotnet/:/mnt/c/Program Files (x86)/Windows Kits/10/Windows Performance Toolkit/:/mnt/c/Program Files (x86)/Windows Kits/8.1/Windows Performance Toolkit/:/mnt/c/WINDOWS/system32:/mnt/c/WINDOWS:/mnt/c/WINDOWS/System32/Wbem:/mnt/c/WINDOWS/System32/WindowsPowerShell/v1.0/:/mnt/c/WINDOWS/System32/OpenSSH/:/mnt/c/Program Files/Git/cmd:/mnt/c/Users/finta/AppData/Local/Microsoft/WindowsApps:/mnt/c/Users/finta/.dotnet/tools:/mnt/c/Users/finta/AppData/Local/Programs/Microsoft VS Code/bin:/snap/bin:/home/fintan/.vscode-server/extensions/ms-python.debugpy-2026.6.0-linux-x64/bundled/scripts/noConfigScripts', 'XDG_RUNTIME_DIR': '/run/user/1000/', 'DISPLAY': ':0', 'VSCODE_DEBUGPY_ADAPTER_ENDPOINTS': '/home/fintan/.vscode-server/extensions/ms-python.debugpy-2026.6.0-linux-x64/.noConfigDebugAdapterEndpoints/endpoint-636eeb89a7caa7be.txt', 'LANG': 'en_US.UTF-8', 'PYTHONSTARTUP': '/home/fintan/.vscode-server/data/User/workspaceStorage/4725ec95605af0bd791a71f3d485e46e/ms-python.python/pythonrc.py', 'LS_COLORS': 'rs=0:di=01;34:ln=01;36:mh=00:pi=40;33:so=01;35:do=01;35:bd=40;33;01:cd=40;33;01:or=40;31;01:mi=00:su=37;41:sg=30;43:ca=00:tw=30;42:ow=34;42:st=37;44:ex=01;32:*.tar=01;31:*.tgz=01;31:*.arc=01;31:*.arj=01;31:*.taz=01;31:*.lha=01;31:*.lz4=01;31:*.lzh=01;31:*.lzma=01;31:*.tlz=01;31:*.txz=01;31:*.tzo=01;31:*.t7z=01;31:*.zip=01;31:*.z=01;31:*.dz=01;31:*.gz=01;31:*.lrz=01;31:*.lz=01;31:*.lzo=01;31:*.xz=01;31:*.zst=01;31:*.tzst=01;31:*.bz2=01;31:*.bz=01;31:*.tbz=01;31:*.tbz2=01;31:*.tz=01;31:*.deb=01;31:*.rpm=01;31:*.jar=01;31:*.war=01;31:*.ear=01;31:*.sar=01;31:*.rar=01;31:*.alz=01;31:*.ace=01;31:*.zoo=01;31:*.cpio=01;31:*.7z=01;31:*.rz=01;31:*.cab=01;31:*.wim=01;31:*.swm=01;31:*.dwm=01;31:*.esd=01;31:*.avif=01;35:*.jpg=01;35:*.jpeg=01;35:*.mjpg=01;35:*.mjpeg=01;35:*.gif=01;35:*.bmp=01;35:*.pbm=01;35:*.pgm=01;35:*.ppm=01;35:*.tga=01;35:*.xbm=01;35:*.xpm=01;35:*.tif=01;35:*.tiff=01;35:*.png=01;35:*.svg=01;35:*.svgz=01;35:*.mng=01;35:*.pcx=01;35:*.mov=01;35:*.mpg=01;35:*.mpeg=01;35:*.m2v=01;35:*.mkv=01;35:*.webm=01;35:*.webp=01;35:*.ogm=01;35:*.mp4=01;35:*.m4v=01;35:*.mp4v=01;35:*.vob=01;35:*.qt=01;35:*.nuv=01;35:*.wmv=01;35:*.asf=01;35:*.rm=01;35:*.rmvb=01;35:*.flc=01;35:*.avi=01;35:*.fli=01;35:*.flv=01;35:*.gl=01;35:*.dl=01;35:*.xcf=01;35:*.xwd=01;35:*.yuv=01;35:*.cgm=01;35:*.emf=01;35:*.ogv=01;35:*.ogx=01;35:*.aac=00;36:*.au=00;36:*.flac=00;36:*.m4a=00;36:*.mid=00;36:*.midi=00;36:*.mka=00;36:*.mp3=00;36:*.mpc=00;36:*.ogg=00;36:*.ra=00;36:*.wav=00;36:*.oga=00;36:*.opus=00;36:*.spx=00;36:*.xspf=00;36:*~=00;90:*#=00;90:*.bak=00;90:*.crdownload=00;90:*.dpkg-dist=00;90:*.dpkg-new=00;90:*.dpkg-old=00;90:*.dpkg-tmp=00;90:*.old=00;90:*.orig=00;90:*.part=00;90:*.rej=00;90:*.rpmnew=00;90:*.rpmorig=00;90:*.rpmsave=00;90:*.swp=00;90:*.tmp=00;90:*.ucf-dist=00;90:*.ucf-new=00;90:*.ucf-old=00;90:', 'VSCODE_GIT_IPC_HANDLE': '/run/user/1000/vscode-git-3ab7d89383.sock', 'TERM_PROGRAM': 'vscode', 'AMENT_PREFIX_PATH': '/opt/ros/jazzy', 'SHELL': '/bin/bash', 'LESSCLOSE': '/usr/bin/lesspipe %s %s', 'ROS_AUTOMATIC_DISCOVERY_RANGE': 'SUBNET', 'VSCODE_GIT_ASKPASS_EXTRA_ARGS': '', 'PWD': '/home/fintan/ME4857Assignment2-master/build/robot_model', 'XDG_DATA_DIRS': '/usr/local/share:/usr/share:/var/lib/snapd/desktop', 'PYTHONPATH': '/opt/ros/jazzy/lib/python3.12/site-packages', 'COLCON': '1', 'WSL2_GUI_APPS_ENABLED': '1', 'HOSTTYPE': 'x86_64', 'CMAKE_PREFIX_PATH': '/opt/ros/jazzy/opt/gz_sim_vendor:/opt/ros/jazzy/opt/gz_sensors_vendor:/opt/ros/jazzy/opt/gz_physics_vendor:/opt/ros/jazzy/opt/sdformat_vendor:/opt/ros/jazzy/opt/gz_gui_vendor:/opt/ros/jazzy/opt/gz_transport_vendor:/opt/ros/jazzy/opt/gz_rendering_vendor:/opt/ros/jazzy/opt/gz_plugin_vendor:/opt/ros/jazzy/opt/gz_fuel_tools_vendor:/opt/ros/jazzy/opt/gz_msgs_vendor:/opt/ros/jazzy/opt/gz_common_vendor:/opt/ros/jazzy/opt/gz_math_vendor:/opt/ros/jazzy/opt/gz_utils_vendor:/opt/ros/jazzy/opt/gz_tools_vendor:/opt/ros/jazzy/opt/gz_ogre_next_vendor:/opt/ros/jazzy/opt/gz_dartsim_vendor:/opt/ros/jazzy/opt/gz_cmake_vendor:/opt/ros/jazzy', 'WSLENV': 'ELECTRON_RUN_AS_NODE/w:'}), 'shell': False}
[0.119633] (-) TimerEvent: {}
[0.120332] (gazebo_worlds) JobProgress: {'identifier': 'gazebo_worlds', 'progress': 'cmake'}
[0.127554] (gazebo_worlds) Command: {'cmd': ['/usr/bin/cmake', '/home/fintan/ME4857Assignment2-master/src/gazebo', '-DCMAKE_INSTALL_PREFIX=/home/fintan/ME4857Assignment2-master/install/gazebo_worlds'], 'cwd': '/home/fintan/ME4857Assignment2-master/build/gazebo_worlds', 'env': OrderedDict({'PYTHON_BASIC_REPL': '1', 'LESSOPEN': '| /usr/bin/lesspipe %s', 'GZ_SIM_RESOURCE_PATH': '/opt/ros/jazzy/share', 'USER': 'fintan', 'GZ_CONFIG_PATH': '/opt/ros/jazzy/opt/gz_sim_vendor/share/gz:/opt/ros/jazzy/opt/sdformat_vendor/share/gz:/opt/ros/jazzy/opt/gz_gui_vendor/share/gz:/opt/ros/jazzy/opt/gz_transport_vendor/share/gz:/opt/ros/jazzy/opt/gz_rendering_vendor/share/gz:/opt/ros/jazzy/opt/gz_plugin_vendor/share/gz:/opt/ros/jazzy/opt/gz_fuel_tools_vendor/share/gz:/opt/ros/jazzy/opt/gz_msgs_vendor/share/gz:/opt/ros/jazzy/opt/gz_common_vendor/share/gz', 'GIT_ASKPASS': '/home/fintan/.vscode-server/bin/034f571df509819cc10b0c8129f66ef77a542f0e/extensions/git/dist/askpass.sh', 'SHLVL': '2', 'LD_LIBRARY_PATH': '/opt/ros/jazzy/opt/gz_sim_vendor/lib:/opt/ros/jazzy/opt/gz_sensors_vendor/lib:/opt/ros/jazzy/opt/gz_physics_vendor/lib:/opt/ros/jazzy/opt/sdformat_vendor/lib:/opt/ros/jazzy/opt/rviz_ogre_vendor/lib:/opt/ros/jazzy/lib/x86_64-linux-gnu:/opt/ros/jazzy/opt/gz_gui_vendor/lib:/opt/ros/jazzy/opt/gz_transport_vendor/lib:/opt/ros/jazzy/opt/gz_rendering_vendor/lib:/opt/ros/jazzy/opt/gz_plugin_vendor/lib:/opt/ros/jazzy/opt/gz_fuel_tools_vendor/lib:/opt/ros/jazzy/opt/gz_msgs_vendor/lib:/opt/ros/jazzy/opt/gz_common_vendor/lib:/opt/ros/jazzy/opt/gz_math_vendor/lib:/opt/ros/jazzy/opt/gz_utils_vendor/lib:/opt/ros/jazzy/opt/gz_tools_vendor/lib:/opt/ros/jazzy/opt/gz_ogre_next_vendor/lib:/opt/ros/jazzy/opt/gz_dartsim_vendor/lib:/opt/ros/jazzy/opt/gz_cmake_vendor/lib:/opt/ros/jazzy/lib', 'HOME': '/home/fintan', 'TERM_PROGRAM_VERSION': '1.118.1', 'VSCODE_IPC_HOOK_CLI': '/run/user/1000/vscode-ipc-2ba379c7-4516-42f4-82f1-e99d6d20f8f5.sock', 'ROS_PYTHON_VERSION': '3', 'VSCODE_GIT_ASKPASS_MAIN': '/home/fintan/.vscode-server/bin/034f571df509819cc10b0c8129f66ef77a542f0e/extensions/git/dist/askpass-main.js', 'VSCODE_GIT_ASKPASS_NODE': '/home/fintan/.vscode-server/bin/034f571df509819cc10b0c8129f66ef77a542f0e/node', 'PYDEVD_DISABLE_FILE_VALIDATION': '1', 'BUNDLED_DEBUGPY_PATH': '/home/fintan/.vscode-server/extensions/ms-python.debugpy-2026.6.0-linux-x64/bundled/libs/debugpy', 'VSCODE_PYTHON_AUTOACTIVATE_GUARD': '1', 'DBUS_SESSION_BUS_ADDRESS': 'unix:path=/run/user/1000/bus', 'COLORTERM': 'truecolor', 'WSL_DISTRO_NAME': 'Ubuntu-24.04', 'WAYLAND_DISPLAY': 'wayland-0', 'ROS_DISTRO': 'jazzy', 'LOGNAME': 'fintan', 'NAME': 'Code', 'WSL_INTEROP': '/run/WSL/626_interop', 'PULSE_SERVER': 'unix:/mnt/wslg/PulseServer', '_': '/usr/bin/colcon', 'ROS_VERSION': '2', 'CLAUDE_CODE_SSE_PORT': '12561', 'TERM': 'xterm-256color', 'PATH': '/home/fintan/.vscode-server/bin/034f571df509819cc10b0c8129f66ef77a542f0e/bin/remote-cli:/opt/ros/jazzy/opt/gz_msgs_vendor/bin:/opt/ros/jazzy/opt/gz_tools_vendor/bin:/opt/ros/jazzy/opt/gz_ogre_next_vendor/bin:/opt/ros/jazzy/bin:/usr/local/sbin:/usr/local/bin:/usr/sbin:/usr/bin:/sbin:/bin:/usr/games:/usr/local/games:/usr/lib/wsl/lib:/mnt/c/Program Files/WindowsApps/MicrosoftCorporationII.WindowsSubsystemForLinux_2.6.3.0_x64__8wekyb3d8bbwe:/mnt/c/Program Files/Oculus/Support/oculus-runtime:/mnt/c/Program Files (x86)/NVIDIA Corporation/PhysX/Common:/mnt/c/WINDOWS/system32:/mnt/c/WINDOWS:/mnt/c/WINDOWS/System32/Wbem:/mnt/c/WINDOWS/System32/WindowsPowerShell/v1.0/:/mnt/c/WINDOWS/System32/OpenSSH/:/mnt/c/Program Files (x86)/Microsoft SQL Server/80/Tools/Binn/:/mnt/c/Program Files (x86)/IVI Foundation/VISA/WinNT/Bin/:/mnt/c/Program Files/IVI Foundation/VISA/Win64/Bin/:/mnt/c/Program Files (x86)/Microsoft SQL Server/110/Tools/Binn/:/mnt/c/Program Files (x86)/Microsoft SQL Server/110/DTS/Binn/:/mnt/c/Program Files (x86)/National Instruments/Shared/LabVIEW CLI:/mnt/c/Program Files (x86)/IVI Foundation/VISA/WinNT/Bin:/mnt/c/Program Files/MATLAB/R2024a/runtime/win64:/mnt/c/Program Files/MATLAB/R2024a/bin:/mnt/c/Program Files/dotnet/:/mnt/c/Program Files (x86)/Windows Kits/10/Windows Performance Toolkit/:/mnt/c/Program Files (x86)/Windows Kits/8.1/Windows Performance Toolkit/:/mnt/c/WINDOWS/system32:/mnt/c/WINDOWS:/mnt/c/WINDOWS/System32/Wbem:/mnt/c/WINDOWS/System32/WindowsPowerShell/v1.0/:/mnt/c/WINDOWS/System32/OpenSSH/:/mnt/c/Program Files/Git/cmd:/mnt/c/Users/finta/AppData/Local/Microsoft/WindowsApps:/mnt/c/Users/finta/.dotnet/tools:/mnt/c/Users/finta/AppData/Local/Programs/Microsoft VS Code/bin:/snap/bin:/home/fintan/.vscode-server/extensions/ms-python.debugpy-2026.6.0-linux-x64/bundled/scripts/noConfigScripts', 'XDG_RUNTIME_DIR': '/run/user/1000/', 'DISPLAY': ':0', 'VSCODE_DEBUGPY_ADAPTER_ENDPOINTS': '/home/fintan/.vscode-server/extensions/ms-python.debugpy-2026.6.0-linux-x64/.noConfigDebugAdapterEndpoints/endpoint-636eeb89a7caa7be.txt', 'LANG': 'en_US.UTF-8', 'PYTHONSTARTUP': '/home/fintan/.vscode-server/data/User/workspaceStorage/4725ec95605af0bd791a71f3d485e46e/ms-python.python/pythonrc.py', 'LS_COLORS': 'rs=0:di=01;34:ln=01;36:mh=00:pi=40;33:so=01;35:do=01;35:bd=40;33;01:cd=40;33;01:or=40;31;01:mi=00:su=37;41:sg=30;43:ca=00:tw=30;42:ow=34;42:st=37;44:ex=01;32:*.tar=01;31:*.tgz=01;31:*.arc=01;31:*.arj=01;31:*.taz=01;31:*.lha=01;31:*.lz4=01;31:*.lzh=01;31:*.lzma=01;31:*.tlz=01;31:*.txz=01;31:*.tzo=01;31:*.t7z=01;31:*.zip=01;31:*.z=01;31:*.dz=01;31:*.gz=01;31:*.lrz=01;31:*.lz=01;31:*.lzo=01;31:*.xz=01;31:*.zst=01;31:*.tzst=01;31:*.bz2=01;31:*.bz=01;31:*.tbz=01;31:*.tbz2=01;31:*.tz=01;31:*.deb=01;31:*.rpm=01;31:*.jar=01;31:*.war=01;31:*.ear=01;31:*.sar=01;31:*.rar=01;31:*.alz=01;31:*.ace=01;31:*.zoo=01;31:*.cpio=01;31:*.7z=01;31:*.rz=01;31:*.cab=01;31:*.wim=01;31:*.swm=01;31:*.dwm=01;31:*.esd=01;31:*.avif=01;35:*.jpg=01;35:*.jpeg=01;35:*.mjpg=01;35:*.mjpeg=01;35:*.gif=01;35:*.bmp=01;35:*.pbm=01;35:*.pgm=01;35:*.ppm=01;35:*.tga=01;35:*.xbm=01;35:*.xpm=01;35:*.tif=01;35:*.tiff=01;35:*.png=01;35:*.svg=01;35:*.svgz=01;35:*.mng=01;35:*.pcx=01;35:*.mov=01;35:*.mpg=01;35:*.mpeg=01;35:*.m2v=01;35:*.mkv=01;35:*.webm=01;35:*.webp=01;35:*.ogm=01;35:*.mp4=01;35:*.m4v=01;35:*.mp4v=01;35:*.vob=01;35:*.qt=01;35:*.nuv=01;35:*.wmv=01;35:*.asf=01;35:*.rm=01;35:*.rmvb=01;35:*.flc=01;35:*.avi=01;35:*.fli=01;35:*.flv=01;35:*.gl=01;35:*.dl=01;35:*.xcf=01;35:*.xwd=01;35:*.yuv=01;35:*.cgm=01;35:*.emf=01;35:*.ogv=01;35:*.ogx=01;35:*.aac=00;36:*.au=00;36:*.flac=00;36:*.m4a=00;36:*.mid=00;36:*.midi=00;36:*.mka=00;36:*.mp3=00;36:*.mpc=00;36:*.ogg=00;36:*.ra=00;36:*.wav=00;36:*.oga=00;36:*.opus=00;36:*.spx=00;36:*.xspf=00;36:*~=00;90:*#=00;90:*.bak=00;90:*.crdownload=00;90:*.dpkg-dist=00;90:*.dpkg-new=00;90:*.dpkg-old=00;90:*.dpkg-tmp=00;90:*.old=00;90:*.orig=00;90:*.part=00;90:*.rej=00;90:*.rpmnew=00;90:*.rpmorig=00;90:*.rpmsave=00;90:*.swp=00;90:*.tmp=00;90:*.ucf-dist=00;90:*.ucf-new=00;90:*.ucf-old=00;90:', 'VSCODE_GIT_IPC_HANDLE': '/run/user/1000/vscode-git-3ab7d89383.sock', 'TERM_PROGRAM': 'vscode', 'AMENT_PREFIX_PATH': '/opt/ros/jazzy', 'SHELL': '/bin/bash', 'LESSCLOSE': '/usr/bin/lesspipe %s %s', 'ROS_AUTOMATIC_DISCOVERY_RANGE': 'SUBNET', 'VSCODE_GIT_ASKPASS_EXTRA_ARGS': '', 'PWD': '/home/fintan/ME4857Assignment2-master/build/gazebo_worlds', 'XDG_DATA_DIRS': '/usr/local/share:/usr/share:/var/lib/snapd/desktop', 'PYTHONPATH': '/opt/ros/jazzy/lib/python3.12/site-packages', 'COLCON': '1', 'WSL2_GUI_APPS_ENABLED': '1', 'HOSTTYPE': 'x86_64', 'CMAKE_PREFIX_PATH': '/opt/ros/jazzy/opt/gz_sim_vendor:/opt/ros/jazzy/opt/gz_sensors_vendor:/opt/ros/jazzy/opt/gz_physics_vendor:/opt/ros/jazzy/opt/sdformat_vendor:/opt/ros/jazzy/opt/gz_gui_vendor:/opt/ros/jazzy/opt/gz_transport_vendor:/opt/ros/jazzy/opt/gz_rendering_vendor:/opt/ros/jazzy/opt/gz_plugin_vendor:/opt/ros/jazzy/opt/gz_fuel_tools_vendor:/opt/ros/jazzy/opt/gz_msgs_vendor:/opt/ros/jazzy/opt/gz_common_vendor:/opt/ros/jazzy/opt/gz_math_vendor:/opt/ros/jazzy/opt/gz_utils_vendor:/opt/ros/jazzy/opt/gz_tools_vendor:/opt/ros/jazzy/opt/gz_ogre_next_vendor:/opt/ros/jazzy/opt/gz_dartsim_vendor:/opt/ros/jazzy/opt/gz_cmake_vendor:/opt/ros/jazzy', 'WSLENV': 'ELECTRON_RUN_AS_NODE/w:'}), 'shell': False}
[0.222191] (-) TimerEvent: {}
[0.322876] (-) TimerEvent: {}
[0.425517] (-) TimerEvent: {}
[0.526099] (-) TimerEvent: {}
[0.626645] (-) TimerEvent: {}
[0.727327] (-) TimerEvent: {}
[0.766489] (sr_interfaces) StdoutLine: {'line': b'-- The C compiler identification is GNU 13.3.0\n'}
[0.767299] (robot_model) StdoutLine: {'line': b'-- The C compiler identification is GNU 13.3.0\n'}
[0.767990] (gazebo_worlds) StdoutLine: {'line': b'-- The C compiler identification is GNU 13.3.0\n'}
[0.827504] (-) TimerEvent: {}
[0.928143] (-) TimerEvent: {}
[1.028965] (-) TimerEvent: {}
[1.130633] (-) TimerEvent: {}
[1.232487] (-) TimerEvent: {}
[1.333151] (-) TimerEvent: {}
[1.433668] (-) TimerEvent: {}
[1.534497] (-) TimerEvent: {}
[1.635621] (-) TimerEvent: {}
[1.736148] (-) TimerEvent: {}
[1.836702] (-) TimerEvent: {}
[1.937715] (-) TimerEvent: {}
[2.038267] (-) TimerEvent: {}
[2.138903] (-) TimerEvent: {}
[2.239842] (-) TimerEvent: {}
[2.340449] (-) TimerEvent: {}
[2.442063] (-) TimerEvent: {}
[2.542790] (-) TimerEvent: {}
[2.643475] (-) TimerEvent: {}
[2.744943] (-) TimerEvent: {}
[2.845835] (-) TimerEvent: {}
[2.867621] (robot_model) StdoutLine: {'line': b'-- The CXX compiler identification is GNU 13.3.0\n'}
[2.870334] (sr_interfaces) StdoutLine: {'line': b'-- The CXX compiler identification is GNU 13.3.0\n'}
[2.946029] (-) TimerEvent: {}
[3.046618] (-) TimerEvent: {}
[3.054514] (gazebo_worlds) StdoutLine: {'line': b'-- The CXX compiler identification is GNU 13.3.0\n'}
[3.146816] (-) TimerEvent: {}
[3.247539] (-) TimerEvent: {}
[3.348098] (-) TimerEvent: {}
[3.448716] (-) TimerEvent: {}
[3.549422] (-) TimerEvent: {}
[3.650143] (-) TimerEvent: {}
[3.750859] (-) TimerEvent: {}
[3.851564] (-) TimerEvent: {}
[3.864586] (robot_model) StdoutLine: {'line': b'-- Detecting C compiler ABI info\n'}
[3.951796] (-) TimerEvent: {}
[4.052772] (-) TimerEvent: {}
[4.096684] (sr_interfaces) StdoutLine: {'line': b'-- Detecting C compiler ABI info\n'}
[4.153148] (-) TimerEvent: {}
[4.253967] (-) TimerEvent: {}
[4.354893] (-) TimerEvent: {}
[4.455593] (-) TimerEvent: {}
[4.490130] (gazebo_worlds) StdoutLine: {'line': b'-- Detecting C compiler ABI info\n'}
[4.555826] (-) TimerEvent: {}
[4.656698] (-) TimerEvent: {}
[4.744507] (robot_model) StdoutLine: {'line': b'-- Detecting C compiler ABI info - done\n'}
[4.756875] (-) TimerEvent: {}
[4.781290] (robot_model) StdoutLine: {'line': b'-- Check for working C compiler: /usr/bin/cc - skipped\n'}
[4.783163] (robot_model) StdoutLine: {'line': b'-- Detecting C compile features\n'}
[4.786338] (robot_model) StdoutLine: {'line': b'-- Detecting C compile features - done\n'}
[4.857056] (-) TimerEvent: {}
[4.957565] (-) TimerEvent: {}
[5.059220] (-) TimerEvent: {}
[5.080164] (sr_interfaces) StdoutLine: {'line': b'-- Detecting C compiler ABI info - done\n'}
[5.122118] (sr_interfaces) StdoutLine: {'line': b'-- Check for working C compiler: /usr/bin/cc - skipped\n'}
[5.122852] (sr_interfaces) StdoutLine: {'line': b'-- Detecting C compile features\n'}
[5.124041] (sr_interfaces) StdoutLine: {'line': b'-- Detecting C compile features - done\n'}
[5.159163] (-) TimerEvent: {}
[5.244190] (robot_model) StdoutLine: {'line': b'-- Detecting CXX compiler ABI info\n'}
[5.259363] (-) TimerEvent: {}
[5.360046] (-) TimerEvent: {}
[5.399851] (sr_interfaces) StdoutLine: {'line': b'-- Detecting CXX compiler ABI info\n'}
[5.460265] (-) TimerEvent: {}
[5.462579] (gazebo_worlds) StdoutLine: {'line': b'-- Detecting C compiler ABI info - done\n'}
[5.498318] (gazebo_worlds) StdoutLine: {'line': b'-- Check for working C compiler: /usr/bin/cc - skipped\n'}
[5.499602] (gazebo_worlds) StdoutLine: {'line': b'-- Detecting C compile features\n'}
[5.502842] (gazebo_worlds) StdoutLine: {'line': b'-- Detecting C compile features - done\n'}
[5.560433] (-) TimerEvent: {}
[5.661087] (-) TimerEvent: {}
[5.761832] (-) TimerEvent: {}
[5.802541] (gazebo_worlds) StdoutLine: {'line': b'-- Detecting CXX compiler ABI info\n'}
[5.862256] (-) TimerEvent: {}
[5.963220] (-) TimerEvent: {}
[6.065022] (-) TimerEvent: {}
[6.090790] (robot_model) StdoutLine: {'line': b'-- Detecting CXX compiler ABI info - done\n'}
[6.146901] (robot_model) StdoutLine: {'line': b'-- Check for working CXX compiler: /usr/bin/c++ - skipped\n'}
[6.147885] (robot_model) StdoutLine: {'line': b'-- Detecting CXX compile features\n'}
[6.148996] (robot_model) StdoutLine: {'line': b'-- Detecting CXX compile features - done\n'}
[6.165206] (-) TimerEvent: {}
[6.203474] (robot_model) StdoutLine: {'line': b'-- Found ament_cmake: 2.5.6 (/opt/ros/jazzy/share/ament_cmake/cmake)\n'}
[6.265480] (-) TimerEvent: {}
[6.366155] (-) TimerEvent: {}
[6.468045] (-) TimerEvent: {}
[6.492438] (sr_interfaces) StdoutLine: {'line': b'-- Detecting CXX compiler ABI info - done\n'}
[6.543113] (sr_interfaces) StdoutLine: {'line': b'-- Check for working CXX compiler: /usr/bin/c++ - skipped\n'}
[6.545726] (sr_interfaces) StdoutLine: {'line': b'-- Detecting CXX compile features\n'}
[6.547134] (sr_interfaces) StdoutLine: {'line': b'-- Detecting CXX compile features - done\n'}
[6.560580] (sr_interfaces) StdoutLine: {'line': b'-- Found ament_cmake: 2.5.6 (/opt/ros/jazzy/share/ament_cmake/cmake)\n'}
[6.568249] (-) TimerEvent: {}
[6.668858] (-) TimerEvent: {}
[6.769520] (-) TimerEvent: {}
[6.847905] (robot_model) StdoutLine: {'line': b'-- Found Python3: /usr/bin/python3 (found version "3.12.3") found components: Interpreter \n'}
[6.869658] (-) TimerEvent: {}
[6.901189] (gazebo_worlds) StdoutLine: {'line': b'-- Detecting CXX compiler ABI info - done\n'}
[6.921841] (gazebo_worlds) StdoutLine: {'line': b'-- Check for working CXX compiler: /usr/bin/c++ - skipped\n'}
[6.923786] (gazebo_worlds) StdoutLine: {'line': b'-- Detecting CXX compile features\n'}
[6.927378] (gazebo_worlds) StdoutLine: {'line': b'-- Detecting CXX compile features - done\n'}
[6.937199] (gazebo_worlds) StdoutLine: {'line': b'-- Found ament_cmake: 2.5.6 (/opt/ros/jazzy/share/ament_cmake/cmake)\n'}
[6.969812] (-) TimerEvent: {}
[7.005434] (sr_interfaces) StdoutLine: {'line': b'-- Found Python3: /usr/bin/python3 (found version "3.12.3") found components: Interpreter \n'}
[7.070209] (-) TimerEvent: {}
[7.171011] (-) TimerEvent: {}
[7.271869] (-) TimerEvent: {}
[7.374158] (-) TimerEvent: {}
[7.475067] (-) TimerEvent: {}
[7.576035] (-) TimerEvent: {}
[7.601148] (sr_interfaces) StdoutLine: {'line': b'-- Found rosidl_default_generators: 1.6.0 (/opt/ros/jazzy/share/rosidl_default_generators/cmake)\n'}
[7.608553] (gazebo_worlds) StdoutLine: {'line': b'-- Found Python3: /usr/bin/python3 (found version "3.12.3") found components: Interpreter \n'}
[7.626268] (sr_interfaces) StdoutLine: {'line': b'-- Using all available rosidl_typesupport_c: rosidl_typesupport_fastrtps_c;rosidl_typesupport_introspection_c\n'}
[7.676170] (-) TimerEvent: {}
[7.719194] (robot_model) StdoutLine: {'line': b'-- Configuring done (7.6s)\n'}
[7.735827] (robot_model) StdoutLine: {'line': b'-- Generating done (0.0s)\n'}
[7.743719] (robot_model) StdoutLine: {'line': b'-- Build files have been written to: /home/fintan/ME4857Assignment2-master/build/robot_model\n'}
[7.753663] (robot_model) CommandEnded: {'returncode': 0}
[7.755735] (robot_model) JobProgress: {'identifier': 'robot_model', 'progress': 'build'}
[7.757429] (robot_model) Command: {'cmd': ['/usr/bin/cmake', '--build', '/home/fintan/ME4857Assignment2-master/build/robot_model', '--', '-j12', '-l12'], 'cwd': '/home/fintan/ME4857Assignment2-master/build/robot_model', 'env': OrderedDict({'PYTHON_BASIC_REPL': '1', 'LESSOPEN': '| /usr/bin/lesspipe %s', 'GZ_SIM_RESOURCE_PATH': '/opt/ros/jazzy/share', 'USER': 'fintan', 'GZ_CONFIG_PATH': '/opt/ros/jazzy/opt/gz_sim_vendor/share/gz:/opt/ros/jazzy/opt/sdformat_vendor/share/gz:/opt/ros/jazzy/opt/gz_gui_vendor/share/gz:/opt/ros/jazzy/opt/gz_transport_vendor/share/gz:/opt/ros/jazzy/opt/gz_rendering_vendor/share/gz:/opt/ros/jazzy/opt/gz_plugin_vendor/share/gz:/opt/ros/jazzy/opt/gz_fuel_tools_vendor/share/gz:/opt/ros/jazzy/opt/gz_msgs_vendor/share/gz:/opt/ros/jazzy/opt/gz_common_vendor/share/gz', 'GIT_ASKPASS': '/home/fintan/.vscode-server/bin/034f571df509819cc10b0c8129f66ef77a542f0e/extensions/git/dist/askpass.sh', 'SHLVL': '2', 'LD_LIBRARY_PATH': '/opt/ros/jazzy/opt/gz_sim_vendor/lib:/opt/ros/jazzy/opt/gz_sensors_vendor/lib:/opt/ros/jazzy/opt/gz_physics_vendor/lib:/opt/ros/jazzy/opt/sdformat_vendor/lib:/opt/ros/jazzy/opt/rviz_ogre_vendor/lib:/opt/ros/jazzy/lib/x86_64-linux-gnu:/opt/ros/jazzy/opt/gz_gui_vendor/lib:/opt/ros/jazzy/opt/gz_transport_vendor/lib:/opt/ros/jazzy/opt/gz_rendering_vendor/lib:/opt/ros/jazzy/opt/gz_plugin_vendor/lib:/opt/ros/jazzy/opt/gz_fuel_tools_vendor/lib:/opt/ros/jazzy/opt/gz_msgs_vendor/lib:/opt/ros/jazzy/opt/gz_common_vendor/lib:/opt/ros/jazzy/opt/gz_math_vendor/lib:/opt/ros/jazzy/opt/gz_utils_vendor/lib:/opt/ros/jazzy/opt/gz_tools_vendor/lib:/opt/ros/jazzy/opt/gz_ogre_next_vendor/lib:/opt/ros/jazzy/opt/gz_dartsim_vendor/lib:/opt/ros/jazzy/opt/gz_cmake_vendor/lib:/opt/ros/jazzy/lib', 'HOME': '/home/fintan', 'TERM_PROGRAM_VERSION': '1.118.1', 'VSCODE_IPC_HOOK_CLI': '/run/user/1000/vscode-ipc-2ba379c7-4516-42f4-82f1-e99d6d20f8f5.sock', 'ROS_PYTHON_VERSION': '3', 'VSCODE_GIT_ASKPASS_MAIN': '/home/fintan/.vscode-server/bin/034f571df509819cc10b0c8129f66ef77a542f0e/extensions/git/dist/askpass-main.js', 'VSCODE_GIT_ASKPASS_NODE': '/home/fintan/.vscode-server/bin/034f571df509819cc10b0c8129f66ef77a542f0e/node', 'PYDEVD_DISABLE_FILE_VALIDATION': '1', 'BUNDLED_DEBUGPY_PATH': '/home/fintan/.vscode-server/extensions/ms-python.debugpy-2026.6.0-linux-x64/bundled/libs/debugpy', 'VSCODE_PYTHON_AUTOACTIVATE_GUARD': '1', 'DBUS_SESSION_BUS_ADDRESS': 'unix:path=/run/user/1000/bus', 'COLORTERM': 'truecolor', 'WSL_DISTRO_NAME': 'Ubuntu-24.04', 'WAYLAND_DISPLAY': 'wayland-0', 'ROS_DISTRO': 'jazzy', 'LOGNAME': 'fintan', 'NAME': 'Code', 'WSL_INTEROP': '/run/WSL/626_interop', 'PULSE_SERVER': 'unix:/mnt/wslg/PulseServer', '_': '/usr/bin/colcon', 'ROS_VERSION': '2', 'CLAUDE_CODE_SSE_PORT': '12561', 'TERM': 'xterm-256color', 'PATH': '/home/fintan/.vscode-server/bin/034f571df509819cc10b0c8129f66ef77a542f0e/bin/remote-cli:/opt/ros/jazzy/opt/gz_msgs_vendor/bin:/opt/ros/jazzy/opt/gz_tools_vendor/bin:/opt/ros/jazzy/opt/gz_ogre_next_vendor/bin:/opt/ros/jazzy/bin:/usr/local/sbin:/usr/local/bin:/usr/sbin:/usr/bin:/sbin:/bin:/usr/games:/usr/local/games:/usr/lib/wsl/lib:/mnt/c/Program Files/WindowsApps/MicrosoftCorporationII.WindowsSubsystemForLinux_2.6.3.0_x64__8wekyb3d8bbwe:/mnt/c/Program Files/Oculus/Support/oculus-runtime:/mnt/c/Program Files (x86)/NVIDIA Corporation/PhysX/Common:/mnt/c/WINDOWS/system32:/mnt/c/WINDOWS:/mnt/c/WINDOWS/System32/Wbem:/mnt/c/WINDOWS/System32/WindowsPowerShell/v1.0/:/mnt/c/WINDOWS/System32/OpenSSH/:/mnt/c/Program Files (x86)/Microsoft SQL Server/80/Tools/Binn/:/mnt/c/Program Files (x86)/IVI Foundation/VISA/WinNT/Bin/:/mnt/c/Program Files/IVI Foundation/VISA/Win64/Bin/:/mnt/c/Program Files (x86)/Microsoft SQL Server/110/Tools/Binn/:/mnt/c/Program Files (x86)/Microsoft SQL Server/110/DTS/Binn/:/mnt/c/Program Files (x86)/National Instruments/Shared/LabVIEW CLI:/mnt/c/Program Files (x86)/IVI Foundation/VISA/WinNT/Bin:/mnt/c/Program Files/MATLAB/R2024a/runtime/win64:/mnt/c/Program Files/MATLAB/R2024a/bin:/mnt/c/Program Files/dotnet/:/mnt/c/Program Files (x86)/Windows Kits/10/Windows Performance Toolkit/:/mnt/c/Program Files (x86)/Windows Kits/8.1/Windows Performance Toolkit/:/mnt/c/WINDOWS/system32:/mnt/c/WINDOWS:/mnt/c/WINDOWS/System32/Wbem:/mnt/c/WINDOWS/System32/WindowsPowerShell/v1.0/:/mnt/c/WINDOWS/System32/OpenSSH/:/mnt/c/Program Files/Git/cmd:/mnt/c/Users/finta/AppData/Local/Microsoft/WindowsApps:/mnt/c/Users/finta/.dotnet/tools:/mnt/c/Users/finta/AppData/Local/Programs/Microsoft VS Code/bin:/snap/bin:/home/fintan/.vscode-server/extensions/ms-python.debugpy-2026.6.0-linux-x64/bundled/scripts/noConfigScripts', 'XDG_RUNTIME_DIR': '/run/user/1000/', 'DISPLAY': ':0', 'VSCODE_DEBUGPY_ADAPTER_ENDPOINTS': '/home/fintan/.vscode-server/extensions/ms-python.debugpy-2026.6.0-linux-x64/.noConfigDebugAdapterEndpoints/endpoint-636eeb89a7caa7be.txt', 'LANG': 'en_US.UTF-8', 'PYTHONSTARTUP': '/home/fintan/.vscode-server/data/User/workspaceStorage/4725ec95605af0bd791a71f3d485e46e/ms-python.python/pythonrc.py', 'LS_COLORS': 'rs=0:di=01;34:ln=01;36:mh=00:pi=40;33:so=01;35:do=01;35:bd=40;33;01:cd=40;33;01:or=40;31;01:mi=00:su=37;41:sg=30;43:ca=00:tw=30;42:ow=34;42:st=37;44:ex=01;32:*.tar=01;31:*.tgz=01;31:*.arc=01;31:*.arj=01;31:*.taz=01;31:*.lha=01;31:*.lz4=01;31:*.lzh=01;31:*.lzma=01;31:*.tlz=01;31:*.txz=01;31:*.tzo=01;31:*.t7z=01;31:*.zip=01;31:*.z=01;31:*.dz=01;31:*.gz=01;31:*.lrz=01;31:*.lz=01;31:*.lzo=01;31:*.xz=01;31:*.zst=01;31:*.tzst=01;31:*.bz2=01;31:*.bz=01;31:*.tbz=01;31:*.tbz2=01;31:*.tz=01;31:*.deb=01;31:*.rpm=01;31:*.jar=01;31:*.war=01;31:*.ear=01;31:*.sar=01;31:*.rar=01;31:*.alz=01;31:*.ace=01;31:*.zoo=01;31:*.cpio=01;31:*.7z=01;31:*.rz=01;31:*.cab=01;31:*.wim=01;31:*.swm=01;31:*.dwm=01;31:*.esd=01;31:*.avif=01;35:*.jpg=01;35:*.jpeg=01;35:*.mjpg=01;35:*.mjpeg=01;35:*.gif=01;35:*.bmp=01;35:*.pbm=01;35:*.pgm=01;35:*.ppm=01;35:*.tga=01;35:*.xbm=01;35:*.xpm=01;35:*.tif=01;35:*.tiff=01;35:*.png=01;35:*.svg=01;35:*.svgz=01;35:*.mng=01;35:*.pcx=01;35:*.mov=01;35:*.mpg=01;35:*.mpeg=01;35:*.m2v=01;35:*.mkv=01;35:*.webm=01;35:*.webp=01;35:*.ogm=01;35:*.mp4=01;35:*.m4v=01;35:*.mp4v=01;35:*.vob=01;35:*.qt=01;35:*.nuv=01;35:*.wmv=01;35:*.asf=01;35:*.rm=01;35:*.rmvb=01;35:*.flc=01;35:*.avi=01;35:*.fli=01;35:*.flv=01;35:*.gl=01;35:*.dl=01;35:*.xcf=01;35:*.xwd=01;35:*.yuv=01;35:*.cgm=01;35:*.emf=01;35:*.ogv=01;35:*.ogx=01;35:*.aac=00;36:*.au=00;36:*.flac=00;36:*.m4a=00;36:*.mid=00;36:*.midi=00;36:*.mka=00;36:*.mp3=00;36:*.mpc=00;36:*.ogg=00;36:*.ra=00;36:*.wav=00;36:*.oga=00;36:*.opus=00;36:*.spx=00;36:*.xspf=00;36:*~=00;90:*#=00;90:*.bak=00;90:*.crdownload=00;90:*.dpkg-dist=00;90:*.dpkg-new=00;90:*.dpkg-old=00;90:*.dpkg-tmp=00;90:*.old=00;90:*.orig=00;90:*.part=00;90:*.rej=00;90:*.rpmnew=00;90:*.rpmorig=00;90:*.rpmsave=00;90:*.swp=00;90:*.tmp=00;90:*.ucf-dist=00;90:*.ucf-new=00;90:*.ucf-old=00;90:', 'VSCODE_GIT_IPC_HANDLE': '/run/user/1000/vscode-git-3ab7d89383.sock', 'TERM_PROGRAM': 'vscode', 'AMENT_PREFIX_PATH': '/opt/ros/jazzy', 'SHELL': '/bin/bash', 'LESSCLOSE': '/usr/bin/lesspipe %s %s', 'ROS_AUTOMATIC_DISCOVERY_RANGE': 'SUBNET', 'VSCODE_GIT_ASKPASS_EXTRA_ARGS': '', 'PWD': '/home/fintan/ME4857Assignment2-master/build/robot_model', 'XDG_DATA_DIRS': '/usr/local/share:/usr/share:/var/lib/snapd/desktop', 'PYTHONPATH': '/opt/ros/jazzy/lib/python3.12/site-packages', 'COLCON': '1', 'WSL2_GUI_APPS_ENABLED': '1', 'HOSTTYPE': 'x86_64', 'CMAKE_PREFIX_PATH': '/opt/ros/jazzy/opt/gz_sim_vendor:/opt/ros/jazzy/opt/gz_sensors_vendor:/opt/ros/jazzy/opt/gz_physics_vendor:/opt/ros/jazzy/opt/sdformat_vendor:/opt/ros/jazzy/opt/gz_gui_vendor:/opt/ros/jazzy/opt/gz_transport_vendor:/opt/ros/jazzy/opt/gz_rendering_vendor:/opt/ros/jazzy/opt/gz_plugin_vendor:/opt/ros/jazzy/opt/gz_fuel_tools_vendor:/opt/ros/jazzy/opt/gz_msgs_vendor:/opt/ros/jazzy/opt/gz_common_vendor:/opt/ros/jazzy/opt/gz_math_vendor:/opt/ros/jazzy/opt/gz_utils_vendor:/opt/ros/jazzy/opt/gz_tools_vendor:/opt/ros/jazzy/opt/gz_ogre_next_vendor:/opt/ros/jazzy/opt/gz_dartsim_vendor:/opt/ros/jazzy/opt/gz_cmake_vendor:/opt/ros/jazzy', 'WSLENV': 'ELECTRON_RUN_AS_NODE/w:'}), 'shell': False}
[7.776360] (-) TimerEvent: {}
[7.865051] (robot_model) CommandEnded: {'returncode': 0}
[7.867256] (robot_model) JobProgress: {'identifier': 'robot_model', 'progress': 'install'}
[7.876521] (-) TimerEvent: {}
[7.883943] (robot_model) Command: {'cmd': ['/usr/bin/cmake', '--install', '/home/fintan/ME4857Assignment2-master/build/robot_model'], 'cwd': '/home/fintan/ME4857Assignment2-master/build/robot_model', 'env': OrderedDict({'PYTHON_BASIC_REPL': '1', 'LESSOPEN': '| /usr/bin/lesspipe %s', 'GZ_SIM_RESOURCE_PATH': '/opt/ros/jazzy/share', 'USER': 'fintan', 'GZ_CONFIG_PATH': '/opt/ros/jazzy/opt/gz_sim_vendor/share/gz:/opt/ros/jazzy/opt/sdformat_vendor/share/gz:/opt/ros/jazzy/opt/gz_gui_vendor/share/gz:/opt/ros/jazzy/opt/gz_transport_vendor/share/gz:/opt/ros/jazzy/opt/gz_rendering_vendor/share/gz:/opt/ros/jazzy/opt/gz_plugin_vendor/share/gz:/opt/ros/jazzy/opt/gz_fuel_tools_vendor/share/gz:/opt/ros/jazzy/opt/gz_msgs_vendor/share/gz:/opt/ros/jazzy/opt/gz_common_vendor/share/gz', 'GIT_ASKPASS': '/home/fintan/.vscode-server/bin/034f571df509819cc10b0c8129f66ef77a542f0e/extensions/git/dist/askpass.sh', 'SHLVL': '2', 'LD_LIBRARY_PATH': '/opt/ros/jazzy/opt/gz_sim_vendor/lib:/opt/ros/jazzy/opt/gz_sensors_vendor/lib:/opt/ros/jazzy/opt/gz_physics_vendor/lib:/opt/ros/jazzy/opt/sdformat_vendor/lib:/opt/ros/jazzy/opt/rviz_ogre_vendor/lib:/opt/ros/jazzy/lib/x86_64-linux-gnu:/opt/ros/jazzy/opt/gz_gui_vendor/lib:/opt/ros/jazzy/opt/gz_transport_vendor/lib:/opt/ros/jazzy/opt/gz_rendering_vendor/lib:/opt/ros/jazzy/opt/gz_plugin_vendor/lib:/opt/ros/jazzy/opt/gz_fuel_tools_vendor/lib:/opt/ros/jazzy/opt/gz_msgs_vendor/lib:/opt/ros/jazzy/opt/gz_common_vendor/lib:/opt/ros/jazzy/opt/gz_math_vendor/lib:/opt/ros/jazzy/opt/gz_utils_vendor/lib:/opt/ros/jazzy/opt/gz_tools_vendor/lib:/opt/ros/jazzy/opt/gz_ogre_next_vendor/lib:/opt/ros/jazzy/opt/gz_dartsim_vendor/lib:/opt/ros/jazzy/opt/gz_cmake_vendor/lib:/opt/ros/jazzy/lib', 'HOME': '/home/fintan', 'TERM_PROGRAM_VERSION': '1.118.1', 'VSCODE_IPC_HOOK_CLI': '/run/user/1000/vscode-ipc-2ba379c7-4516-42f4-82f1-e99d6d20f8f5.sock', 'ROS_PYTHON_VERSION': '3', 'VSCODE_GIT_ASKPASS_MAIN': '/home/fintan/.vscode-server/bin/034f571df509819cc10b0c8129f66ef77a542f0e/extensions/git/dist/askpass-main.js', 'VSCODE_GIT_ASKPASS_NODE': '/home/fintan/.vscode-server/bin/034f571df509819cc10b0c8129f66ef77a542f0e/node', 'PYDEVD_DISABLE_FILE_VALIDATION': '1', 'BUNDLED_DEBUGPY_PATH': '/home/fintan/.vscode-server/extensions/ms-python.debugpy-2026.6.0-linux-x64/bundled/libs/debugpy', 'VSCODE_PYTHON_AUTOACTIVATE_GUARD': '1', 'DBUS_SESSION_BUS_ADDRESS': 'unix:path=/run/user/1000/bus', 'COLORTERM': 'truecolor', 'WSL_DISTRO_NAME': 'Ubuntu-24.04', 'WAYLAND_DISPLAY': 'wayland-0', 'ROS_DISTRO': 'jazzy', 'LOGNAME': 'fintan', 'NAME': 'Code', 'WSL_INTEROP': '/run/WSL/626_interop', 'PULSE_SERVER': 'unix:/mnt/wslg/PulseServer', '_': '/usr/bin/colcon', 'ROS_VERSION': '2', 'CLAUDE_CODE_SSE_PORT': '12561', 'TERM': 'xterm-256color', 'PATH': '/home/fintan/.vscode-server/bin/034f571df509819cc10b0c8129f66ef77a542f0e/bin/remote-cli:/opt/ros/jazzy/opt/gz_msgs_vendor/bin:/opt/ros/jazzy/opt/gz_tools_vendor/bin:/opt/ros/jazzy/opt/gz_ogre_next_vendor/bin:/opt/ros/jazzy/bin:/usr/local/sbin:/usr/local/bin:/usr/sbin:/usr/bin:/sbin:/bin:/usr/games:/usr/local/games:/usr/lib/wsl/lib:/mnt/c/Program Files/WindowsApps/MicrosoftCorporationII.WindowsSubsystemForLinux_2.6.3.0_x64__8wekyb3d8bbwe:/mnt/c/Program Files/Oculus/Support/oculus-runtime:/mnt/c/Program Files (x86)/NVIDIA Corporation/PhysX/Common:/mnt/c/WINDOWS/system32:/mnt/c/WINDOWS:/mnt/c/WINDOWS/System32/Wbem:/mnt/c/WINDOWS/System32/WindowsPowerShell/v1.0/:/mnt/c/WINDOWS/System32/OpenSSH/:/mnt/c/Program Files (x86)/Microsoft SQL Server/80/Tools/Binn/:/mnt/c/Program Files (x86)/IVI Foundation/VISA/WinNT/Bin/:/mnt/c/Program Files/IVI Foundation/VISA/Win64/Bin/:/mnt/c/Program Files (x86)/Microsoft SQL Server/110/Tools/Binn/:/mnt/c/Program Files (x86)/Microsoft SQL Server/110/DTS/Binn/:/mnt/c/Program Files (x86)/National Instruments/Shared/LabVIEW CLI:/mnt/c/Program Files (x86)/IVI Foundation/VISA/WinNT/Bin:/mnt/c/Program Files/MATLAB/R2024a/runtime/win64:/mnt/c/Program Files/MATLAB/R2024a/bin:/mnt/c/Program Files/dotnet/:/mnt/c/Program Files (x86)/Windows Kits/10/Windows Performance Toolkit/:/mnt/c/Program Files (x86)/Windows Kits/8.1/Windows Performance Toolkit/:/mnt/c/WINDOWS/system32:/mnt/c/WINDOWS:/mnt/c/WINDOWS/System32/Wbem:/mnt/c/WINDOWS/System32/WindowsPowerShell/v1.0/:/mnt/c/WINDOWS/System32/OpenSSH/:/mnt/c/Program Files/Git/cmd:/mnt/c/Users/finta/AppData/Local/Microsoft/WindowsApps:/mnt/c/Users/finta/.dotnet/tools:/mnt/c/Users/finta/AppData/Local/Programs/Microsoft VS Code/bin:/snap/bin:/home/fintan/.vscode-server/extensions/ms-python.debugpy-2026.6.0-linux-x64/bundled/scripts/noConfigScripts', 'XDG_RUNTIME_DIR': '/run/user/1000/', 'DISPLAY': ':0', 'VSCODE_DEBUGPY_ADAPTER_ENDPOINTS': '/home/fintan/.vscode-server/extensions/ms-python.debugpy-2026.6.0-linux-x64/.noConfigDebugAdapterEndpoints/endpoint-636eeb89a7caa7be.txt', 'LANG': 'en_US.UTF-8', 'PYTHONSTARTUP': '/home/fintan/.vscode-server/data/User/workspaceStorage/4725ec95605af0bd791a71f3d485e46e/ms-python.python/pythonrc.py', 'LS_COLORS': 'rs=0:di=01;34:ln=01;36:mh=00:pi=40;33:so=01;35:do=01;35:bd=40;33;01:cd=40;33;01:or=40;31;01:mi=00:su=37;41:sg=30;43:ca=00:tw=30;42:ow=34;42:st=37;44:ex=01;32:*.tar=01;31:*.tgz=01;31:*.arc=01;31:*.arj=01;31:*.taz=01;31:*.lha=01;31:*.lz4=01;31:*.lzh=01;31:*.lzma=01;31:*.tlz=01;31:*.txz=01;31:*.tzo=01;31:*.t7z=01;31:*.zip=01;31:*.z=01;31:*.dz=01;31:*.gz=01;31:*.lrz=01;31:*.lz=01;31:*.lzo=01;31:*.xz=01;31:*.zst=01;31:*.tzst=01;31:*.bz2=01;31:*.bz=01;31:*.tbz=01;31:*.tbz2=01;31:*.tz=01;31:*.deb=01;31:*.rpm=01;31:*.jar=01;31:*.war=01;31:*.ear=01;31:*.sar=01;31:*.rar=01;31:*.alz=01;31:*.ace=01;31:*.zoo=01;31:*.cpio=01;31:*.7z=01;31:*.rz=01;31:*.cab=01;31:*.wim=01;31:*.swm=01;31:*.dwm=01;31:*.esd=01;31:*.avif=01;35:*.jpg=01;35:*.jpeg=01;35:*.mjpg=01;35:*.mjpeg=01;35:*.gif=01;35:*.bmp=01;35:*.pbm=01;35:*.pgm=01;35:*.ppm=01;35:*.tga=01;35:*.xbm=01;35:*.xpm=01;35:*.tif=01;35:*.tiff=01;35:*.png=01;35:*.svg=01;35:*.svgz=01;35:*.mng=01;35:*.pcx=01;35:*.mov=01;35:*.mpg=01;35:*.mpeg=01;35:*.m2v=01;35:*.mkv=01;35:*.webm=01;35:*.webp=01;35:*.ogm=01;35:*.mp4=01;35:*.m4v=01;35:*.mp4v=01;35:*.vob=01;35:*.qt=01;35:*.nuv=01;35:*.wmv=01;35:*.asf=01;35:*.rm=01;35:*.rmvb=01;35:*.flc=01;35:*.avi=01;35:*.fli=01;35:*.flv=01;35:*.gl=01;35:*.dl=01;35:*.xcf=01;35:*.xwd=01;35:*.yuv=01;35:*.cgm=01;35:*.emf=01;35:*.ogv=01;35:*.ogx=01;35:*.aac=00;36:*.au=00;36:*.flac=00;36:*.m4a=00;36:*.mid=00;36:*.midi=00;36:*.mka=00;36:*.mp3=00;36:*.mpc=00;36:*.ogg=00;36:*.ra=00;36:*.wav=00;36:*.oga=00;36:*.opus=00;36:*.spx=00;36:*.xspf=00;36:*~=00;90:*#=00;90:*.bak=00;90:*.crdownload=00;90:*.dpkg-dist=00;90:*.dpkg-new=00;90:*.dpkg-old=00;90:*.dpkg-tmp=00;90:*.old=00;90:*.orig=00;90:*.part=00;90:*.rej=00;90:*.rpmnew=00;90:*.rpmorig=00;90:*.rpmsave=00;90:*.swp=00;90:*.tmp=00;90:*.ucf-dist=00;90:*.ucf-new=00;90:*.ucf-old=00;90:', 'VSCODE_GIT_IPC_HANDLE': '/run/user/1000/vscode-git-3ab7d89383.sock', 'TERM_PROGRAM': 'vscode', 'AMENT_PREFIX_PATH': '/opt/ros/jazzy', 'SHELL': '/bin/bash', 'LESSCLOSE': '/usr/bin/lesspipe %s %s', 'ROS_AUTOMATIC_DISCOVERY_RANGE': 'SUBNET', 'VSCODE_GIT_ASKPASS_EXTRA_ARGS': '', 'PWD': '/home/fintan/ME4857Assignment2-master/build/robot_model', 'XDG_DATA_DIRS': '/usr/local/share:/usr/share:/var/lib/snapd/desktop', 'PYTHONPATH': '/opt/ros/jazzy/lib/python3.12/site-packages', 'COLCON': '1', 'WSL2_GUI_APPS_ENABLED': '1', 'HOSTTYPE': 'x86_64', 'CMAKE_PREFIX_PATH': '/opt/ros/jazzy/opt/gz_sim_vendor:/opt/ros/jazzy/opt/gz_sensors_vendor:/opt/ros/jazzy/opt/gz_physics_vendor:/opt/ros/jazzy/opt/sdformat_vendor:/opt/ros/jazzy/opt/gz_gui_vendor:/opt/ros/jazzy/opt/gz_transport_vendor:/opt/ros/jazzy/opt/gz_rendering_vendor:/opt/ros/jazzy/opt/gz_plugin_vendor:/opt/ros/jazzy/opt/gz_fuel_tools_vendor:/opt/ros/jazzy/opt/gz_msgs_vendor:/opt/ros/jazzy/opt/gz_common_vendor:/opt/ros/jazzy/opt/gz_math_vendor:/opt/ros/jazzy/opt/gz_utils_vendor:/opt/ros/jazzy/opt/gz_tools_vendor:/opt/ros/jazzy/opt/gz_ogre_next_vendor:/opt/ros/jazzy/opt/gz_dartsim_vendor:/opt/ros/jazzy/opt/gz_cmake_vendor:/opt/ros/jazzy', 'WSLENV': 'ELECTRON_RUN_AS_NODE/w:'}), 'shell': False}
[7.906334] (robot_model) StdoutLine: {'line': b'-- Install configuration: ""\n'}
[7.906688] (robot_model) StdoutLine: {'line': b'-- Installing: /home/fintan/ME4857Assignment2-master/install/robot_model/share/robot_model/urdf\n'}
[7.908428] (robot_model) StdoutLine: {'line': b'-- Installing: /home/fintan/ME4857Assignment2-master/install/robot_model/share/robot_model/urdf/robot_model.urdf\n'}
[7.909055] (robot_model) StdoutLine: {'line': b'-- Installing: /home/fintan/ME4857Assignment2-master/install/robot_model/share/robot_model/urdf/robot_model.csv\n'}
[7.909681] (robot_model) StdoutLine: {'line': b'-- Installing: /home/fintan/ME4857Assignment2-master/install/robot_model/share/robot_model/meshes\n'}
[7.910600] (robot_model) StdoutLine: {'line': b'-- Installing: /home/fintan/ME4857Assignment2-master/install/robot_model/share/robot_model/meshes/link_BR.STL\n'}
[7.912036] (robot_model) StdoutLine: {'line': b'-- Installing: /home/fintan/ME4857Assignment2-master/install/robot_model/share/robot_model/meshes/base_link.STL\n'}
[7.912730] (robot_model) StdoutLine: {'line': b'-- Installing: /home/fintan/ME4857Assignment2-master/install/robot_model/share/robot_model/meshes/link_MR.STL\n'}
[7.914300] (robot_model) StdoutLine: {'line': b'-- Installing: /home/fintan/ME4857Assignment2-master/install/robot_model/share/robot_model/meshes/link_ML.STL\n'}
[7.915850] (robot_model) StdoutLine: {'line': b'-- Installing: /home/fintan/ME4857Assignment2-master/install/robot_model/share/robot_model/meshes/link_FL.STL\n'}
[7.917521] (robot_model) StdoutLine: {'line': b'-- Installing: /home/fintan/ME4857Assignment2-master/install/robot_model/share/robot_model/meshes/link_BL.STL\n'}
[7.921400] (robot_model) StdoutLine: {'line': b'-- Installing: /home/fintan/ME4857Assignment2-master/install/robot_model/share/robot_model/meshes/link_FR.STL\n'}
[7.924174] (robot_model) StdoutLine: {'line': b'-- Installing: /home/fintan/ME4857Assignment2-master/install/robot_model/share/robot_model/launch\n'}
[7.925005] (robot_model) StdoutLine: {'line': b'-- Installing: /home/fintan/ME4857Assignment2-master/install/robot_model/share/robot_model/launch/display.launch.py\n'}
[7.925572] (robot_model) StdoutLine: {'line': b'-- Installing: /home/fintan/ME4857Assignment2-master/install/robot_model/share/robot_model/launch/gazebo.launch.py\n'}
[7.926095] (robot_model) StdoutLine: {'line': b'-- Installing: /home/fintan/ME4857Assignment2-master/install/robot_model/share/robot_model/config\n'}
[7.927084] (robot_model) StdoutLine: {'line': b'-- Installing: /home/fintan/ME4857Assignment2-master/install/robot_model/share/robot_model/config/controllers.yaml\n'}
[7.929936] (robot_model) StdoutLine: {'line': b'-- Installing: /home/fintan/ME4857Assignment2-master/install/robot_model/share/ament_index/resource_index/package_run_dependencies/robot_model\n'}
[7.930972] (robot_model) StdoutLine: {'line': b'-- Installing: /home/fintan/ME4857Assignment2-master/install/robot_model/share/ament_index/resource_index/parent_prefix_path/robot_model\n'}
[7.931821] (robot_model) StdoutLine: {'line': b'-- Installing: /home/fintan/ME4857Assignment2-master/install/robot_model/share/robot_model/environment/ament_prefix_path.sh\n'}
[7.932225] (robot_model) StdoutLine: {'line': b'-- Installing: /home/fintan/ME4857Assignment2-master/install/robot_model/share/robot_model/environment/ament_prefix_path.dsv\n'}
[7.932652] (robot_model) StdoutLine: {'line': b'-- Installing: /home/fintan/ME4857Assignment2-master/install/robot_model/share/robot_model/environment/path.sh\n'}
[7.933330] (robot_model) StdoutLine: {'line': b'-- Installing: /home/fintan/ME4857Assignment2-master/install/robot_model/share/robot_model/environment/path.dsv\n'}
[7.933670] (robot_model) StdoutLine: {'line': b'-- Installing: /home/fintan/ME4857Assignment2-master/install/robot_model/share/robot_model/local_setup.bash\n'}
[7.934405] (robot_model) StdoutLine: {'line': b'-- Installing: /home/fintan/ME4857Assignment2-master/install/robot_model/share/robot_model/local_setup.sh\n'}
[7.934866] (robot_model) StdoutLine: {'line': b'-- Installing: /home/fintan/ME4857Assignment2-master/install/robot_model/share/robot_model/local_setup.zsh\n'}
[7.935596] (robot_model) StdoutLine: {'line': b'-- Installing: /home/fintan/ME4857Assignment2-master/install/robot_model/share/robot_model/local_setup.dsv\n'}
[7.936467] (robot_model) StdoutLine: {'line': b'-- Installing: /home/fintan/ME4857Assignment2-master/install/robot_model/share/robot_model/package.dsv\n'}
[7.937882] (robot_model) StdoutLine: {'line': b'-- Installing: /home/fintan/ME4857Assignment2-master/install/robot_model/share/ament_index/resource_index/packages/robot_model\n'}
[7.939586] (robot_model) StdoutLine: {'line': b'-- Installing: /home/fintan/ME4857Assignment2-master/install/robot_model/share/robot_model/cmake/robot_modelConfig.cmake\n'}
[7.940046] (robot_model) StdoutLine: {'line': b'-- Installing: /home/fintan/ME4857Assignment2-master/install/robot_model/share/robot_model/cmake/robot_modelConfig-version.cmake\n'}
[7.940514] (robot_model) StdoutLine: {'line': b'-- Installing: /home/fintan/ME4857Assignment2-master/install/robot_model/share/robot_model/package.xml\n'}
[7.944500] (robot_model) CommandEnded: {'returncode': 0}
[7.976850] (-) TimerEvent: {}
[7.988157] (robot_model) JobEnded: {'identifier': 'robot_model', 'rc': 0}
[8.071008] (sr_interfaces) StdoutLine: {'line': b'-- Using all available rosidl_typesupport_cpp: rosidl_typesupport_fastrtps_cpp;rosidl_typesupport_introspection_cpp\n'}
[8.076990] (-) TimerEvent: {}
[8.097352] (gazebo_worlds) StdoutLine: {'line': b'-- Configuring done (7.9s)\n'}
[8.114245] (gazebo_worlds) StdoutLine: {'line': b'-- Generating done (0.0s)\n'}
[8.118844] (gazebo_worlds) StdoutLine: {'line': b'-- Build files have been written to: /home/fintan/ME4857Assignment2-master/build/gazebo_worlds\n'}
[8.128153] (gazebo_worlds) CommandEnded: {'returncode': 0}
[8.129291] (gazebo_worlds) JobProgress: {'identifier': 'gazebo_worlds', 'progress': 'build'}
[8.130345] (gazebo_worlds) Command: {'cmd': ['/usr/bin/cmake', '--build', '/home/fintan/ME4857Assignment2-master/build/gazebo_worlds', '--', '-j12', '-l12'], 'cwd': '/home/fintan/ME4857Assignment2-master/build/gazebo_worlds', 'env': OrderedDict({'PYTHON_BASIC_REPL': '1', 'LESSOPEN': '| /usr/bin/lesspipe %s', 'GZ_SIM_RESOURCE_PATH': '/opt/ros/jazzy/share', 'USER': 'fintan', 'GZ_CONFIG_PATH': '/opt/ros/jazzy/opt/gz_sim_vendor/share/gz:/opt/ros/jazzy/opt/sdformat_vendor/share/gz:/opt/ros/jazzy/opt/gz_gui_vendor/share/gz:/opt/ros/jazzy/opt/gz_transport_vendor/share/gz:/opt/ros/jazzy/opt/gz_rendering_vendor/share/gz:/opt/ros/jazzy/opt/gz_plugin_vendor/share/gz:/opt/ros/jazzy/opt/gz_fuel_tools_vendor/share/gz:/opt/ros/jazzy/opt/gz_msgs_vendor/share/gz:/opt/ros/jazzy/opt/gz_common_vendor/share/gz', 'GIT_ASKPASS': '/home/fintan/.vscode-server/bin/034f571df509819cc10b0c8129f66ef77a542f0e/extensions/git/dist/askpass.sh', 'SHLVL': '2', 'LD_LIBRARY_PATH': '/opt/ros/jazzy/opt/gz_sim_vendor/lib:/opt/ros/jazzy/opt/gz_sensors_vendor/lib:/opt/ros/jazzy/opt/gz_physics_vendor/lib:/opt/ros/jazzy/opt/sdformat_vendor/lib:/opt/ros/jazzy/opt/rviz_ogre_vendor/lib:/opt/ros/jazzy/lib/x86_64-linux-gnu:/opt/ros/jazzy/opt/gz_gui_vendor/lib:/opt/ros/jazzy/opt/gz_transport_vendor/lib:/opt/ros/jazzy/opt/gz_rendering_vendor/lib:/opt/ros/jazzy/opt/gz_plugin_vendor/lib:/opt/ros/jazzy/opt/gz_fuel_tools_vendor/lib:/opt/ros/jazzy/opt/gz_msgs_vendor/lib:/opt/ros/jazzy/opt/gz_common_vendor/lib:/opt/ros/jazzy/opt/gz_math_vendor/lib:/opt/ros/jazzy/opt/gz_utils_vendor/lib:/opt/ros/jazzy/opt/gz_tools_vendor/lib:/opt/ros/jazzy/opt/gz_ogre_next_vendor/lib:/opt/ros/jazzy/opt/gz_dartsim_vendor/lib:/opt/ros/jazzy/opt/gz_cmake_vendor/lib:/opt/ros/jazzy/lib', 'HOME': '/home/fintan', 'TERM_PROGRAM_VERSION': '1.118.1', 'VSCODE_IPC_HOOK_CLI': '/run/user/1000/vscode-ipc-2ba379c7-4516-42f4-82f1-e99d6d20f8f5.sock', 'ROS_PYTHON_VERSION': '3', 'VSCODE_GIT_ASKPASS_MAIN': '/home/fintan/.vscode-server/bin/034f571df509819cc10b0c8129f66ef77a542f0e/extensions/git/dist/askpass-main.js', 'VSCODE_GIT_ASKPASS_NODE': '/home/fintan/.vscode-server/bin/034f571df509819cc10b0c8129f66ef77a542f0e/node', 'PYDEVD_DISABLE_FILE_VALIDATION': '1', 'BUNDLED_DEBUGPY_PATH': '/home/fintan/.vscode-server/extensions/ms-python.debugpy-2026.6.0-linux-x64/bundled/libs/debugpy', 'VSCODE_PYTHON_AUTOACTIVATE_GUARD': '1', 'DBUS_SESSION_BUS_ADDRESS': 'unix:path=/run/user/1000/bus', 'COLORTERM': 'truecolor', 'WSL_DISTRO_NAME': 'Ubuntu-24.04', 'WAYLAND_DISPLAY': 'wayland-0', 'ROS_DISTRO': 'jazzy', 'LOGNAME': 'fintan', 'NAME': 'Code', 'WSL_INTEROP': '/run/WSL/626_interop', 'PULSE_SERVER': 'unix:/mnt/wslg/PulseServer', '_': '/usr/bin/colcon', 'ROS_VERSION': '2', 'CLAUDE_CODE_SSE_PORT': '12561', 'TERM': 'xterm-256color', 'PATH': '/home/fintan/.vscode-server/bin/034f571df509819cc10b0c8129f66ef77a542f0e/bin/remote-cli:/opt/ros/jazzy/opt/gz_msgs_vendor/bin:/opt/ros/jazzy/opt/gz_tools_vendor/bin:/opt/ros/jazzy/opt/gz_ogre_next_vendor/bin:/opt/ros/jazzy/bin:/usr/local/sbin:/usr/local/bin:/usr/sbin:/usr/bin:/sbin:/bin:/usr/games:/usr/local/games:/usr/lib/wsl/lib:/mnt/c/Program Files/WindowsApps/MicrosoftCorporationII.WindowsSubsystemForLinux_2.6.3.0_x64__8wekyb3d8bbwe:/mnt/c/Program Files/Oculus/Support/oculus-runtime:/mnt/c/Program Files (x86)/NVIDIA Corporation/PhysX/Common:/mnt/c/WINDOWS/system32:/mnt/c/WINDOWS:/mnt/c/WINDOWS/System32/Wbem:/mnt/c/WINDOWS/System32/WindowsPowerShell/v1.0/:/mnt/c/WINDOWS/System32/OpenSSH/:/mnt/c/Program Files (x86)/Microsoft SQL Server/80/Tools/Binn/:/mnt/c/Program Files (x86)/IVI Foundation/VISA/WinNT/Bin/:/mnt/c/Program Files/IVI Foundation/VISA/Win64/Bin/:/mnt/c/Program Files (x86)/Microsoft SQL Server/110/Tools/Binn/:/mnt/c/Program Files (x86)/Microsoft SQL Server/110/DTS/Binn/:/mnt/c/Program Files (x86)/National Instruments/Shared/LabVIEW CLI:/mnt/c/Program Files (x86)/IVI Foundation/VISA/WinNT/Bin:/mnt/c/Program Files/MATLAB/R2024a/runtime/win64:/mnt/c/Program Files/MATLAB/R2024a/bin:/mnt/c/Program Files/dotnet/:/mnt/c/Program Files (x86)/Windows Kits/10/Windows Performance Toolkit/:/mnt/c/Program Files (x86)/Windows Kits/8.1/Windows Performance Toolkit/:/mnt/c/WINDOWS/system32:/mnt/c/WINDOWS:/mnt/c/WINDOWS/System32/Wbem:/mnt/c/WINDOWS/System32/WindowsPowerShell/v1.0/:/mnt/c/WINDOWS/System32/OpenSSH/:/mnt/c/Program Files/Git/cmd:/mnt/c/Users/finta/AppData/Local/Microsoft/WindowsApps:/mnt/c/Users/finta/.dotnet/tools:/mnt/c/Users/finta/AppData/Local/Programs/Microsoft VS Code/bin:/snap/bin:/home/fintan/.vscode-server/extensions/ms-python.debugpy-2026.6.0-linux-x64/bundled/scripts/noConfigScripts', 'XDG_RUNTIME_DIR': '/run/user/1000/', 'DISPLAY': ':0', 'VSCODE_DEBUGPY_ADAPTER_ENDPOINTS': '/home/fintan/.vscode-server/extensions/ms-python.debugpy-2026.6.0-linux-x64/.noConfigDebugAdapterEndpoints/endpoint-636eeb89a7caa7be.txt', 'LANG': 'en_US.UTF-8', 'PYTHONSTARTUP': '/home/fintan/.vscode-server/data/User/workspaceStorage/4725ec95605af0bd791a71f3d485e46e/ms-python.python/pythonrc.py', 'LS_COLORS': 'rs=0:di=01;34:ln=01;36:mh=00:pi=40;33:so=01;35:do=01;35:bd=40;33;01:cd=40;33;01:or=40;31;01:mi=00:su=37;41:sg=30;43:ca=00:tw=30;42:ow=34;42:st=37;44:ex=01;32:*.tar=01;31:*.tgz=01;31:*.arc=01;31:*.arj=01;31:*.taz=01;31:*.lha=01;31:*.lz4=01;31:*.lzh=01;31:*.lzma=01;31:*.tlz=01;31:*.txz=01;31:*.tzo=01;31:*.t7z=01;31:*.zip=01;31:*.z=01;31:*.dz=01;31:*.gz=01;31:*.lrz=01;31:*.lz=01;31:*.lzo=01;31:*.xz=01;31:*.zst=01;31:*.tzst=01;31:*.bz2=01;31:*.bz=01;31:*.tbz=01;31:*.tbz2=01;31:*.tz=01;31:*.deb=01;31:*.rpm=01;31:*.jar=01;31:*.war=01;31:*.ear=01;31:*.sar=01;31:*.rar=01;31:*.alz=01;31:*.ace=01;31:*.zoo=01;31:*.cpio=01;31:*.7z=01;31:*.rz=01;31:*.cab=01;31:*.wim=01;31:*.swm=01;31:*.dwm=01;31:*.esd=01;31:*.avif=01;35:*.jpg=01;35:*.jpeg=01;35:*.mjpg=01;35:*.mjpeg=01;35:*.gif=01;35:*.bmp=01;35:*.pbm=01;35:*.pgm=01;35:*.ppm=01;35:*.tga=01;35:*.xbm=01;35:*.xpm=01;35:*.tif=01;35:*.tiff=01;35:*.png=01;35:*.svg=01;35:*.svgz=01;35:*.mng=01;35:*.pcx=01;35:*.mov=01;35:*.mpg=01;35:*.mpeg=01;35:*.m2v=01;35:*.mkv=01;35:*.webm=01;35:*.webp=01;35:*.ogm=01;35:*.mp4=01;35:*.m4v=01;35:*.mp4v=01;35:*.vob=01;35:*.qt=01;35:*.nuv=01;35:*.wmv=01;35:*.asf=01;35:*.rm=01;35:*.rmvb=01;35:*.flc=01;35:*.avi=01;35:*.fli=01;35:*.flv=01;35:*.gl=01;35:*.dl=01;35:*.xcf=01;35:*.xwd=01;35:*.yuv=01;35:*.cgm=01;35:*.emf=01;35:*.ogv=01;35:*.ogx=01;35:*.aac=00;36:*.au=00;36:*.flac=00;36:*.m4a=00;36:*.mid=00;36:*.midi=00;36:*.mka=00;36:*.mp3=00;36:*.mpc=00;36:*.ogg=00;36:*.ra=00;36:*.wav=00;36:*.oga=00;36:*.opus=00;36:*.spx=00;36:*.xspf=00;36:*~=00;90:*#=00;90:*.bak=00;90:*.crdownload=00;90:*.dpkg-dist=00;90:*.dpkg-new=00;90:*.dpkg-old=00;90:*.dpkg-tmp=00;90:*.old=00;90:*.orig=00;90:*.part=00;90:*.rej=00;90:*.rpmnew=00;90:*.rpmorig=00;90:*.rpmsave=00;90:*.swp=00;90:*.tmp=00;90:*.ucf-dist=00;90:*.ucf-new=00;90:*.ucf-old=00;90:', 'VSCODE_GIT_IPC_HANDLE': '/run/user/1000/vscode-git-3ab7d89383.sock', 'TERM_PROGRAM': 'vscode', 'AMENT_PREFIX_PATH': '/opt/ros/jazzy', 'SHELL': '/bin/bash', 'LESSCLOSE': '/usr/bin/lesspipe %s %s', 'ROS_AUTOMATIC_DISCOVERY_RANGE': 'SUBNET', 'VSCODE_GIT_ASKPASS_EXTRA_ARGS': '', 'PWD': '/home/fintan/ME4857Assignment2-master/build/gazebo_worlds', 'XDG_DATA_DIRS': '/usr/local/share:/usr/share:/var/lib/snapd/desktop', 'PYTHONPATH': '/opt/ros/jazzy/lib/python3.12/site-packages', 'COLCON': '1', 'WSL2_GUI_APPS_ENABLED': '1', 'HOSTTYPE': 'x86_64', 'CMAKE_PREFIX_PATH': '/opt/ros/jazzy/opt/gz_sim_vendor:/opt/ros/jazzy/opt/gz_sensors_vendor:/opt/ros/jazzy/opt/gz_physics_vendor:/opt/ros/jazzy/opt/sdformat_vendor:/opt/ros/jazzy/opt/gz_gui_vendor:/opt/ros/jazzy/opt/gz_transport_vendor:/opt/ros/jazzy/opt/gz_rendering_vendor:/opt/ros/jazzy/opt/gz_plugin_vendor:/opt/ros/jazzy/opt/gz_fuel_tools_vendor:/opt/ros/jazzy/opt/gz_msgs_vendor:/opt/ros/jazzy/opt/gz_common_vendor:/opt/ros/jazzy/opt/gz_math_vendor:/opt/ros/jazzy/opt/gz_utils_vendor:/opt/ros/jazzy/opt/gz_tools_vendor:/opt/ros/jazzy/opt/gz_ogre_next_vendor:/opt/ros/jazzy/opt/gz_dartsim_vendor:/opt/ros/jazzy/opt/gz_cmake_vendor:/opt/ros/jazzy', 'WSLENV': 'ELECTRON_RUN_AS_NODE/w:'}), 'shell': False}
[8.177165] (-) TimerEvent: {}
[8.199094] (sr_interfaces) StdoutLine: {'line': b'-- Found rosidl_adapter: 4.6.7 (/opt/ros/jazzy/share/rosidl_adapter/cmake)\n'}
[8.211955] (gazebo_worlds) CommandEnded: {'returncode': 0}
[8.213328] (gazebo_worlds) JobProgress: {'identifier': 'gazebo_worlds', 'progress': 'install'}
[8.214304] (gazebo_worlds) Command: {'cmd': ['/usr/bin/cmake', '--install', '/home/fintan/ME4857Assignment2-master/build/gazebo_worlds'], 'cwd': '/home/fintan/ME4857Assignment2-master/build/gazebo_worlds', 'env': OrderedDict({'PYTHON_BASIC_REPL': '1', 'LESSOPEN': '| /usr/bin/lesspipe %s', 'GZ_SIM_RESOURCE_PATH': '/opt/ros/jazzy/share', 'USER': 'fintan', 'GZ_CONFIG_PATH': '/opt/ros/jazzy/opt/gz_sim_vendor/share/gz:/opt/ros/jazzy/opt/sdformat_vendor/share/gz:/opt/ros/jazzy/opt/gz_gui_vendor/share/gz:/opt/ros/jazzy/opt/gz_transport_vendor/share/gz:/opt/ros/jazzy/opt/gz_rendering_vendor/share/gz:/opt/ros/jazzy/opt/gz_plugin_vendor/share/gz:/opt/ros/jazzy/opt/gz_fuel_tools_vendor/share/gz:/opt/ros/jazzy/opt/gz_msgs_vendor/share/gz:/opt/ros/jazzy/opt/gz_common_vendor/share/gz', 'GIT_ASKPASS': '/home/fintan/.vscode-server/bin/034f571df509819cc10b0c8129f66ef77a542f0e/extensions/git/dist/askpass.sh', 'SHLVL': '2', 'LD_LIBRARY_PATH': '/opt/ros/jazzy/opt/gz_sim_vendor/lib:/opt/ros/jazzy/opt/gz_sensors_vendor/lib:/opt/ros/jazzy/opt/gz_physics_vendor/lib:/opt/ros/jazzy/opt/sdformat_vendor/lib:/opt/ros/jazzy/opt/rviz_ogre_vendor/lib:/opt/ros/jazzy/lib/x86_64-linux-gnu:/opt/ros/jazzy/opt/gz_gui_vendor/lib:/opt/ros/jazzy/opt/gz_transport_vendor/lib:/opt/ros/jazzy/opt/gz_rendering_vendor/lib:/opt/ros/jazzy/opt/gz_plugin_vendor/lib:/opt/ros/jazzy/opt/gz_fuel_tools_vendor/lib:/opt/ros/jazzy/opt/gz_msgs_vendor/lib:/opt/ros/jazzy/opt/gz_common_vendor/lib:/opt/ros/jazzy/opt/gz_math_vendor/lib:/opt/ros/jazzy/opt/gz_utils_vendor/lib:/opt/ros/jazzy/opt/gz_tools_vendor/lib:/opt/ros/jazzy/opt/gz_ogre_next_vendor/lib:/opt/ros/jazzy/opt/gz_dartsim_vendor/lib:/opt/ros/jazzy/opt/gz_cmake_vendor/lib:/opt/ros/jazzy/lib', 'HOME': '/home/fintan', 'TERM_PROGRAM_VERSION': '1.118.1', 'VSCODE_IPC_HOOK_CLI': '/run/user/1000/vscode-ipc-2ba379c7-4516-42f4-82f1-e99d6d20f8f5.sock', 'ROS_PYTHON_VERSION': '3', 'VSCODE_GIT_ASKPASS_MAIN': '/home/fintan/.vscode-server/bin/034f571df509819cc10b0c8129f66ef77a542f0e/extensions/git/dist/askpass-main.js', 'VSCODE_GIT_ASKPASS_NODE': '/home/fintan/.vscode-server/bin/034f571df509819cc10b0c8129f66ef77a542f0e/node', 'PYDEVD_DISABLE_FILE_VALIDATION': '1', 'BUNDLED_DEBUGPY_PATH': '/home/fintan/.vscode-server/extensions/ms-python.debugpy-2026.6.0-linux-x64/bundled/libs/debugpy', 'VSCODE_PYTHON_AUTOACTIVATE_GUARD': '1', 'DBUS_SESSION_BUS_ADDRESS': 'unix:path=/run/user/1000/bus', 'COLORTERM': 'truecolor', 'WSL_DISTRO_NAME': 'Ubuntu-24.04', 'WAYLAND_DISPLAY': 'wayland-0', 'ROS_DISTRO': 'jazzy', 'LOGNAME': 'fintan', 'NAME': 'Code', 'WSL_INTEROP': '/run/WSL/626_interop', 'PULSE_SERVER': 'unix:/mnt/wslg/PulseServer', '_': '/usr/bin/colcon', 'ROS_VERSION': '2', 'CLAUDE_CODE_SSE_PORT': '12561', 'TERM': 'xterm-256color', 'PATH': '/home/fintan/.vscode-server/bin/034f571df509819cc10b0c8129f66ef77a542f0e/bin/remote-cli:/opt/ros/jazzy/opt/gz_msgs_vendor/bin:/opt/ros/jazzy/opt/gz_tools_vendor/bin:/opt/ros/jazzy/opt/gz_ogre_next_vendor/bin:/opt/ros/jazzy/bin:/usr/local/sbin:/usr/local/bin:/usr/sbin:/usr/bin:/sbin:/bin:/usr/games:/usr/local/games:/usr/lib/wsl/lib:/mnt/c/Program Files/WindowsApps/MicrosoftCorporationII.WindowsSubsystemForLinux_2.6.3.0_x64__8wekyb3d8bbwe:/mnt/c/Program Files/Oculus/Support/oculus-runtime:/mnt/c/Program Files (x86)/NVIDIA Corporation/PhysX/Common:/mnt/c/WINDOWS/system32:/mnt/c/WINDOWS:/mnt/c/WINDOWS/System32/Wbem:/mnt/c/WINDOWS/System32/WindowsPowerShell/v1.0/:/mnt/c/WINDOWS/System32/OpenSSH/:/mnt/c/Program Files (x86)/Microsoft SQL Server/80/Tools/Binn/:/mnt/c/Program Files (x86)/IVI Foundation/VISA/WinNT/Bin/:/mnt/c/Program Files/IVI Foundation/VISA/Win64/Bin/:/mnt/c/Program Files (x86)/Microsoft SQL Server/110/Tools/Binn/:/mnt/c/Program Files (x86)/Microsoft SQL Server/110/DTS/Binn/:/mnt/c/Program Files (x86)/National Instruments/Shared/LabVIEW CLI:/mnt/c/Program Files (x86)/IVI Foundation/VISA/WinNT/Bin:/mnt/c/Program Files/MATLAB/R2024a/runtime/win64:/mnt/c/Program Files/MATLAB/R2024a/bin:/mnt/c/Program Files/dotnet/:/mnt/c/Program Files (x86)/Windows Kits/10/Windows Performance Toolkit/:/mnt/c/Program Files (x86)/Windows Kits/8.1/Windows Performance Toolkit/:/mnt/c/WINDOWS/system32:/mnt/c/WINDOWS:/mnt/c/WINDOWS/System32/Wbem:/mnt/c/WINDOWS/System32/WindowsPowerShell/v1.0/:/mnt/c/WINDOWS/System32/OpenSSH/:/mnt/c/Program Files/Git/cmd:/mnt/c/Users/finta/AppData/Local/Microsoft/WindowsApps:/mnt/c/Users/finta/.dotnet/tools:/mnt/c/Users/finta/AppData/Local/Programs/Microsoft VS Code/bin:/snap/bin:/home/fintan/.vscode-server/extensions/ms-python.debugpy-2026.6.0-linux-x64/bundled/scripts/noConfigScripts', 'XDG_RUNTIME_DIR': '/run/user/1000/', 'DISPLAY': ':0', 'VSCODE_DEBUGPY_ADAPTER_ENDPOINTS': '/home/fintan/.vscode-server/extensions/ms-python.debugpy-2026.6.0-linux-x64/.noConfigDebugAdapterEndpoints/endpoint-636eeb89a7caa7be.txt', 'LANG': 'en_US.UTF-8', 'PYTHONSTARTUP': '/home/fintan/.vscode-server/data/User/workspaceStorage/4725ec95605af0bd791a71f3d485e46e/ms-python.python/pythonrc.py', 'LS_COLORS': 'rs=0:di=01;34:ln=01;36:mh=00:pi=40;33:so=01;35:do=01;35:bd=40;33;01:cd=40;33;01:or=40;31;01:mi=00:su=37;41:sg=30;43:ca=00:tw=30;42:ow=34;42:st=37;44:ex=01;32:*.tar=01;31:*.tgz=01;31:*.arc=01;31:*.arj=01;31:*.taz=01;31:*.lha=01;31:*.lz4=01;31:*.lzh=01;31:*.lzma=01;31:*.tlz=01;31:*.txz=01;31:*.tzo=01;31:*.t7z=01;31:*.zip=01;31:*.z=01;31:*.dz=01;31:*.gz=01;31:*.lrz=01;31:*.lz=01;31:*.lzo=01;31:*.xz=01;31:*.zst=01;31:*.tzst=01;31:*.bz2=01;31:*.bz=01;31:*.tbz=01;31:*.tbz2=01;31:*.tz=01;31:*.deb=01;31:*.rpm=01;31:*.jar=01;31:*.war=01;31:*.ear=01;31:*.sar=01;31:*.rar=01;31:*.alz=01;31:*.ace=01;31:*.zoo=01;31:*.cpio=01;31:*.7z=01;31:*.rz=01;31:*.cab=01;31:*.wim=01;31:*.swm=01;31:*.dwm=01;31:*.esd=01;31:*.avif=01;35:*.jpg=01;35:*.jpeg=01;35:*.mjpg=01;35:*.mjpeg=01;35:*.gif=01;35:*.bmp=01;35:*.pbm=01;35:*.pgm=01;35:*.ppm=01;35:*.tga=01;35:*.xbm=01;35:*.xpm=01;35:*.tif=01;35:*.tiff=01;35:*.png=01;35:*.svg=01;35:*.svgz=01;35:*.mng=01;35:*.pcx=01;35:*.mov=01;35:*.mpg=01;35:*.mpeg=01;35:*.m2v=01;35:*.mkv=01;35:*.webm=01;35:*.webp=01;35:*.ogm=01;35:*.mp4=01;35:*.m4v=01;35:*.mp4v=01;35:*.vob=01;35:*.qt=01;35:*.nuv=01;35:*.wmv=01;35:*.asf=01;35:*.rm=01;35:*.rmvb=01;35:*.flc=01;35:*.avi=01;35:*.fli=01;35:*.flv=01;35:*.gl=01;35:*.dl=01;35:*.xcf=01;35:*.xwd=01;35:*.yuv=01;35:*.cgm=01;35:*.emf=01;35:*.ogv=01;35:*.ogx=01;35:*.aac=00;36:*.au=00;36:*.flac=00;36:*.m4a=00;36:*.mid=00;36:*.midi=00;36:*.mka=00;36:*.mp3=00;36:*.mpc=00;36:*.ogg=00;36:*.ra=00;36:*.wav=00;36:*.oga=00;36:*.opus=00;36:*.spx=00;36:*.xspf=00;36:*~=00;90:*#=00;90:*.bak=00;90:*.crdownload=00;90:*.dpkg-dist=00;90:*.dpkg-new=00;90:*.dpkg-old=00;90:*.dpkg-tmp=00;90:*.old=00;90:*.orig=00;90:*.part=00;90:*.rej=00;90:*.rpmnew=00;90:*.rpmorig=00;90:*.rpmsave=00;90:*.swp=00;90:*.tmp=00;90:*.ucf-dist=00;90:*.ucf-new=00;90:*.ucf-old=00;90:', 'VSCODE_GIT_IPC_HANDLE': '/run/user/1000/vscode-git-3ab7d89383.sock', 'TERM_PROGRAM': 'vscode', 'AMENT_PREFIX_PATH': '/opt/ros/jazzy', 'SHELL': '/bin/bash', 'LESSCLOSE': '/usr/bin/lesspipe %s %s', 'ROS_AUTOMATIC_DISCOVERY_RANGE': 'SUBNET', 'VSCODE_GIT_ASKPASS_EXTRA_ARGS': '', 'PWD': '/home/fintan/ME4857Assignment2-master/build/gazebo_worlds', 'XDG_DATA_DIRS': '/usr/local/share:/usr/share:/var/lib/snapd/desktop', 'PYTHONPATH': '/opt/ros/jazzy/lib/python3.12/site-packages', 'COLCON': '1', 'WSL2_GUI_APPS_ENABLED': '1', 'HOSTTYPE': 'x86_64', 'CMAKE_PREFIX_PATH': '/opt/ros/jazzy/opt/gz_sim_vendor:/opt/ros/jazzy/opt/gz_sensors_vendor:/opt/ros/jazzy/opt/gz_physics_vendor:/opt/ros/jazzy/opt/sdformat_vendor:/opt/ros/jazzy/opt/gz_gui_vendor:/opt/ros/jazzy/opt/gz_transport_vendor:/opt/ros/jazzy/opt/gz_rendering_vendor:/opt/ros/jazzy/opt/gz_plugin_vendor:/opt/ros/jazzy/opt/gz_fuel_tools_vendor:/opt/ros/jazzy/opt/gz_msgs_vendor:/opt/ros/jazzy/opt/gz_common_vendor:/opt/ros/jazzy/opt/gz_math_vendor:/opt/ros/jazzy/opt/gz_utils_vendor:/opt/ros/jazzy/opt/gz_tools_vendor:/opt/ros/jazzy/opt/gz_ogre_next_vendor:/opt/ros/jazzy/opt/gz_dartsim_vendor:/opt/ros/jazzy/opt/gz_cmake_vendor:/opt/ros/jazzy', 'WSLENV': 'ELECTRON_RUN_AS_NODE/w:'}), 'shell': False}
[8.216012] (sr_interfaces) StdoutLine: {'line': b'-- Found geometry_msgs: 5.3.7 (/opt/ros/jazzy/share/geometry_msgs/cmake)\n'}
[8.235596] (gazebo_worlds) StdoutLine: {'line': b'-- Install configuration: ""\n'}
[8.236293] (gazebo_worlds) StdoutLine: {'line': b'-- Installing: /home/fintan/ME4857Assignment2-master/install/gazebo_worlds/share/gazebo_worlds/worlds\n'}
[8.238690] (gazebo_worlds) StdoutLine: {'line': b'-- Installing: /home/fintan/ME4857Assignment2-master/install/gazebo_worlds/share/gazebo_worlds/worlds/assignment_world.sdf\n'}
[8.241295] (gazebo_worlds) StdoutLine: {'line': b'-- Installing: /home/fintan/ME4857Assignment2-master/install/gazebo_worlds/share/ament_index/resource_index/package_run_dependencies/gazebo_worlds\n'}
[8.242170] (gazebo_worlds) StdoutLine: {'line': b'-- Installing: /home/fintan/ME4857Assignment2-master/install/gazebo_worlds/share/ament_index/resource_index/parent_prefix_path/gazebo_worlds\n'}
[8.243628] (gazebo_worlds) StdoutLine: {'line': b'-- Installing: /home/fintan/ME4857Assignment2-master/install/gazebo_worlds/share/gazebo_worlds/environment/ament_prefix_path.sh\n'}
[8.244032] (gazebo_worlds) StdoutLine: {'line': b'-- Installing: /home/fintan/ME4857Assignment2-master/install/gazebo_worlds/share/gazebo_worlds/environment/ament_prefix_path.dsv\n'}
[8.244446] (gazebo_worlds) StdoutLine: {'line': b'-- Installing: /home/fintan/ME4857Assignment2-master/install/gazebo_worlds/share/gazebo_worlds/environment/path.sh\n'}
[8.244870] (gazebo_worlds) StdoutLine: {'line': b'-- Installing: /home/fintan/ME4857Assignment2-master/install/gazebo_worlds/share/gazebo_worlds/environment/path.dsv\n'}
[8.245304] (gazebo_worlds) StdoutLine: {'line': b'-- Installing: /home/fintan/ME4857Assignment2-master/install/gazebo_worlds/share/gazebo_worlds/local_setup.bash\n'}
[8.245687] (gazebo_worlds) StdoutLine: {'line': b'-- Installing: /home/fintan/ME4857Assignment2-master/install/gazebo_worlds/share/gazebo_worlds/local_setup.sh\n'}
[8.246196] (gazebo_worlds) StdoutLine: {'line': b'-- Installing: /home/fintan/ME4857Assignment2-master/install/gazebo_worlds/share/gazebo_worlds/local_setup.zsh\n'}
[8.246684] (gazebo_worlds) StdoutLine: {'line': b'-- Installing: /home/fintan/ME4857Assignment2-master/install/gazebo_worlds/share/gazebo_worlds/local_setup.dsv\n'}
[8.247116] (gazebo_worlds) StdoutLine: {'line': b'-- Installing: /home/fintan/ME4857Assignment2-master/install/gazebo_worlds/share/gazebo_worlds/package.dsv\n'}
[8.248397] (gazebo_worlds) StdoutLine: {'line': b'-- Installing: /home/fintan/ME4857Assignment2-master/install/gazebo_worlds/share/ament_index/resource_index/packages/gazebo_worlds\n'}
[8.249508] (gazebo_worlds) StdoutLine: {'line': b'-- Installing: /home/fintan/ME4857Assignment2-master/install/gazebo_worlds/share/gazebo_worlds/cmake/gazebo_worldsConfig.cmake\n'}
[8.250159] (gazebo_worlds) StdoutLine: {'line': b'-- Installing: /home/fintan/ME4857Assignment2-master/install/gazebo_worlds/share/gazebo_worlds/cmake/gazebo_worldsConfig-version.cmake\n'}
[8.250828] (gazebo_worlds) StdoutLine: {'line': b'-- Installing: /home/fintan/ME4857Assignment2-master/install/gazebo_worlds/share/gazebo_worlds/package.xml\n'}
[8.255375] (gazebo_worlds) CommandEnded: {'returncode': 0}
[8.277627] (-) TimerEvent: {}
[8.283500] (gazebo_worlds) JobEnded: {'identifier': 'gazebo_worlds', 'rc': 0}
[8.377766] (-) TimerEvent: {}
[8.478227] (-) TimerEvent: {}
[8.578766] (-) TimerEvent: {}
[8.679398] (-) TimerEvent: {}
[8.779930] (-) TimerEvent: {}
[8.880615] (-) TimerEvent: {}
[8.981249] (-) TimerEvent: {}
[9.082094] (-) TimerEvent: {}
[9.182821] (-) TimerEvent: {}
[9.283230] (-) TimerEvent: {}
[9.383625] (-) TimerEvent: {}
[9.484059] (-) TimerEvent: {}
[9.584507] (-) TimerEvent: {}
[9.684932] (-) TimerEvent: {}
[9.785407] (-) TimerEvent: {}
[9.885879] (-) TimerEvent: {}
[9.933870] (sr_interfaces) StdoutLine: {'line': b'-- Found ament_cmake_ros: 0.12.0 (/opt/ros/jazzy/share/ament_cmake_ros/cmake)\n'}
[9.986089] (-) TimerEvent: {}
[10.086629] (-) TimerEvent: {}
[10.187106] (-) TimerEvent: {}
[10.287698] (-) TimerEvent: {}
[10.388133] (-) TimerEvent: {}
[10.488564] (-) TimerEvent: {}
[10.588987] (-) TimerEvent: {}
[10.689586] (-) TimerEvent: {}
[10.791334] (-) TimerEvent: {}
[10.892587] (-) TimerEvent: {}
[10.996933] (-) TimerEvent: {}
[11.097719] (-) TimerEvent: {}
[11.198346] (-) TimerEvent: {}
[11.298814] (-) TimerEvent: {}
[11.358531] (sr_interfaces) StdoutLine: {'line': b'-- Using all available rosidl_typesupport_c: rosidl_typesupport_fastrtps_c;rosidl_typesupport_introspection_c\n'}
[11.399004] (-) TimerEvent: {}
[11.499622] (-) TimerEvent: {}
[11.600257] (-) TimerEvent: {}
[11.700812] (-) TimerEvent: {}
[11.801693] (-) TimerEvent: {}
[11.902590] (-) TimerEvent: {}
[12.004167] (-) TimerEvent: {}
[12.104633] (-) TimerEvent: {}
[12.205075] (-) TimerEvent: {}
[12.305508] (-) TimerEvent: {}
[12.406060] (-) TimerEvent: {}
[12.506395] (-) TimerEvent: {}
[12.606805] (-) TimerEvent: {}
[12.707169] (-) TimerEvent: {}
[12.807581] (-) TimerEvent: {}
[12.876132] (sr_interfaces) StdoutLine: {'line': b'-- Using all available rosidl_typesupport_cpp: rosidl_typesupport_fastrtps_cpp;rosidl_typesupport_introspection_cpp\n'}
[12.883134] (sr_interfaces) StdoutLine: {'line': b'-- Found python_cmake_module: 0.11.1 (/opt/ros/jazzy/share/python_cmake_module/cmake)\n'}
[12.907709] (-) TimerEvent: {}
[13.008270] (-) TimerEvent: {}
[13.108748] (-) TimerEvent: {}
[13.130991] (sr_interfaces) StdoutLine: {'line': b'-- Found PythonExtra: /usr/bin/python3  \n'}
[13.208949] (-) TimerEvent: {}
[13.309369] (-) TimerEvent: {}
[13.409810] (-) TimerEvent: {}
[13.510612] (-) TimerEvent: {}
[13.611301] (-) TimerEvent: {}
[13.711936] (-) TimerEvent: {}
[13.812502] (-) TimerEvent: {}
[13.912918] (-) TimerEvent: {}
[13.968023] (sr_interfaces) StdoutLine: {'line': b'-- Found Python3: /usr/bin/python3 (found version "3.12.3") found components: Interpreter Development NumPy Development.Module Development.Embed \n'}
[14.013065] (-) TimerEvent: {}
[14.113459] (-) TimerEvent: {}
[14.165349] (sr_interfaces) StdoutLine: {'line': b'-- Found Python3: /usr/bin/python3 (found version "3.12.3") found components: Interpreter \n'}
[14.188361] (sr_interfaces) StdoutLine: {'line': b'-- Configuring done (14.1s)\n'}
[14.213523] (-) TimerEvent: {}
[14.314062] (-) TimerEvent: {}
[14.316321] (sr_interfaces) StdoutLine: {'line': b'-- Generating done (0.1s)\n'}
[14.349582] (sr_interfaces) StdoutLine: {'line': b'-- Build files have been written to: /home/fintan/ME4857Assignment2-master/build/sr_interfaces\n'}
[14.367798] (sr_interfaces) CommandEnded: {'returncode': 0}
[14.369812] (sr_interfaces) JobProgress: {'identifier': 'sr_interfaces', 'progress': 'build'}
[14.370044] (sr_interfaces) Command: {'cmd': ['/usr/bin/cmake', '--build', '/home/fintan/ME4857Assignment2-master/build/sr_interfaces', '--', '-j12', '-l12'], 'cwd': '/home/fintan/ME4857Assignment2-master/build/sr_interfaces', 'env': OrderedDict({'PYTHON_BASIC_REPL': '1', 'LESSOPEN': '| /usr/bin/lesspipe %s', 'GZ_SIM_RESOURCE_PATH': '/opt/ros/jazzy/share', 'USER': 'fintan', 'GZ_CONFIG_PATH': '/opt/ros/jazzy/opt/gz_sim_vendor/share/gz:/opt/ros/jazzy/opt/sdformat_vendor/share/gz:/opt/ros/jazzy/opt/gz_gui_vendor/share/gz:/opt/ros/jazzy/opt/gz_transport_vendor/share/gz:/opt/ros/jazzy/opt/gz_rendering_vendor/share/gz:/opt/ros/jazzy/opt/gz_plugin_vendor/share/gz:/opt/ros/jazzy/opt/gz_fuel_tools_vendor/share/gz:/opt/ros/jazzy/opt/gz_msgs_vendor/share/gz:/opt/ros/jazzy/opt/gz_common_vendor/share/gz', 'GIT_ASKPASS': '/home/fintan/.vscode-server/bin/034f571df509819cc10b0c8129f66ef77a542f0e/extensions/git/dist/askpass.sh', 'SHLVL': '2', 'LD_LIBRARY_PATH': '/opt/ros/jazzy/opt/gz_sim_vendor/lib:/opt/ros/jazzy/opt/gz_sensors_vendor/lib:/opt/ros/jazzy/opt/gz_physics_vendor/lib:/opt/ros/jazzy/opt/sdformat_vendor/lib:/opt/ros/jazzy/opt/rviz_ogre_vendor/lib:/opt/ros/jazzy/lib/x86_64-linux-gnu:/opt/ros/jazzy/opt/gz_gui_vendor/lib:/opt/ros/jazzy/opt/gz_transport_vendor/lib:/opt/ros/jazzy/opt/gz_rendering_vendor/lib:/opt/ros/jazzy/opt/gz_plugin_vendor/lib:/opt/ros/jazzy/opt/gz_fuel_tools_vendor/lib:/opt/ros/jazzy/opt/gz_msgs_vendor/lib:/opt/ros/jazzy/opt/gz_common_vendor/lib:/opt/ros/jazzy/opt/gz_math_vendor/lib:/opt/ros/jazzy/opt/gz_utils_vendor/lib:/opt/ros/jazzy/opt/gz_tools_vendor/lib:/opt/ros/jazzy/opt/gz_ogre_next_vendor/lib:/opt/ros/jazzy/opt/gz_dartsim_vendor/lib:/opt/ros/jazzy/opt/gz_cmake_vendor/lib:/opt/ros/jazzy/lib', 'HOME': '/home/fintan', 'TERM_PROGRAM_VERSION': '1.118.1', 'VSCODE_IPC_HOOK_CLI': '/run/user/1000/vscode-ipc-2ba379c7-4516-42f4-82f1-e99d6d20f8f5.sock', 'ROS_PYTHON_VERSION': '3', 'VSCODE_GIT_ASKPASS_MAIN': '/home/fintan/.vscode-server/bin/034f571df509819cc10b0c8129f66ef77a542f0e/extensions/git/dist/askpass-main.js', 'VSCODE_GIT_ASKPASS_NODE': '/home/fintan/.vscode-server/bin/034f571df509819cc10b0c8129f66ef77a542f0e/node', 'PYDEVD_DISABLE_FILE_VALIDATION': '1', 'BUNDLED_DEBUGPY_PATH': '/home/fintan/.vscode-server/extensions/ms-python.debugpy-2026.6.0-linux-x64/bundled/libs/debugpy', 'VSCODE_PYTHON_AUTOACTIVATE_GUARD': '1', 'DBUS_SESSION_BUS_ADDRESS': 'unix:path=/run/user/1000/bus', 'COLORTERM': 'truecolor', 'WSL_DISTRO_NAME': 'Ubuntu-24.04', 'WAYLAND_DISPLAY': 'wayland-0', 'ROS_DISTRO': 'jazzy', 'LOGNAME': 'fintan', 'NAME': 'Code', 'WSL_INTEROP': '/run/WSL/626_interop', 'PULSE_SERVER': 'unix:/mnt/wslg/PulseServer', '_': '/usr/bin/colcon', 'ROS_VERSION': '2', 'CLAUDE_CODE_SSE_PORT': '12561', 'TERM': 'xterm-256color', 'PATH': '/home/fintan/.vscode-server/bin/034f571df509819cc10b0c8129f66ef77a542f0e/bin/remote-cli:/opt/ros/jazzy/opt/gz_msgs_vendor/bin:/opt/ros/jazzy/opt/gz_tools_vendor/bin:/opt/ros/jazzy/opt/gz_ogre_next_vendor/bin:/opt/ros/jazzy/bin:/usr/local/sbin:/usr/local/bin:/usr/sbin:/usr/bin:/sbin:/bin:/usr/games:/usr/local/games:/usr/lib/wsl/lib:/mnt/c/Program Files/WindowsApps/MicrosoftCorporationII.WindowsSubsystemForLinux_2.6.3.0_x64__8wekyb3d8bbwe:/mnt/c/Program Files/Oculus/Support/oculus-runtime:/mnt/c/Program Files (x86)/NVIDIA Corporation/PhysX/Common:/mnt/c/WINDOWS/system32:/mnt/c/WINDOWS:/mnt/c/WINDOWS/System32/Wbem:/mnt/c/WINDOWS/System32/WindowsPowerShell/v1.0/:/mnt/c/WINDOWS/System32/OpenSSH/:/mnt/c/Program Files (x86)/Microsoft SQL Server/80/Tools/Binn/:/mnt/c/Program Files (x86)/IVI Foundation/VISA/WinNT/Bin/:/mnt/c/Program Files/IVI Foundation/VISA/Win64/Bin/:/mnt/c/Program Files (x86)/Microsoft SQL Server/110/Tools/Binn/:/mnt/c/Program Files (x86)/Microsoft SQL Server/110/DTS/Binn/:/mnt/c/Program Files (x86)/National Instruments/Shared/LabVIEW CLI:/mnt/c/Program Files (x86)/IVI Foundation/VISA/WinNT/Bin:/mnt/c/Program Files/MATLAB/R2024a/runtime/win64:/mnt/c/Program Files/MATLAB/R2024a/bin:/mnt/c/Program Files/dotnet/:/mnt/c/Program Files (x86)/Windows Kits/10/Windows Performance Toolkit/:/mnt/c/Program Files (x86)/Windows Kits/8.1/Windows Performance Toolkit/:/mnt/c/WINDOWS/system32:/mnt/c/WINDOWS:/mnt/c/WINDOWS/System32/Wbem:/mnt/c/WINDOWS/System32/WindowsPowerShell/v1.0/:/mnt/c/WINDOWS/System32/OpenSSH/:/mnt/c/Program Files/Git/cmd:/mnt/c/Users/finta/AppData/Local/Microsoft/WindowsApps:/mnt/c/Users/finta/.dotnet/tools:/mnt/c/Users/finta/AppData/Local/Programs/Microsoft VS Code/bin:/snap/bin:/home/fintan/.vscode-server/extensions/ms-python.debugpy-2026.6.0-linux-x64/bundled/scripts/noConfigScripts', 'XDG_RUNTIME_DIR': '/run/user/1000/', 'DISPLAY': ':0', 'VSCODE_DEBUGPY_ADAPTER_ENDPOINTS': '/home/fintan/.vscode-server/extensions/ms-python.debugpy-2026.6.0-linux-x64/.noConfigDebugAdapterEndpoints/endpoint-636eeb89a7caa7be.txt', 'LANG': 'en_US.UTF-8', 'PYTHONSTARTUP': '/home/fintan/.vscode-server/data/User/workspaceStorage/4725ec95605af0bd791a71f3d485e46e/ms-python.python/pythonrc.py', 'LS_COLORS': 'rs=0:di=01;34:ln=01;36:mh=00:pi=40;33:so=01;35:do=01;35:bd=40;33;01:cd=40;33;01:or=40;31;01:mi=00:su=37;41:sg=30;43:ca=00:tw=30;42:ow=34;42:st=37;44:ex=01;32:*.tar=01;31:*.tgz=01;31:*.arc=01;31:*.arj=01;31:*.taz=01;31:*.lha=01;31:*.lz4=01;31:*.lzh=01;31:*.lzma=01;31:*.tlz=01;31:*.txz=01;31:*.tzo=01;31:*.t7z=01;31:*.zip=01;31:*.z=01;31:*.dz=01;31:*.gz=01;31:*.lrz=01;31:*.lz=01;31:*.lzo=01;31:*.xz=01;31:*.zst=01;31:*.tzst=01;31:*.bz2=01;31:*.bz=01;31:*.tbz=01;31:*.tbz2=01;31:*.tz=01;31:*.deb=01;31:*.rpm=01;31:*.jar=01;31:*.war=01;31:*.ear=01;31:*.sar=01;31:*.rar=01;31:*.alz=01;31:*.ace=01;31:*.zoo=01;31:*.cpio=01;31:*.7z=01;31:*.rz=01;31:*.cab=01;31:*.wim=01;31:*.swm=01;31:*.dwm=01;31:*.esd=01;31:*.avif=01;35:*.jpg=01;35:*.jpeg=01;35:*.mjpg=01;35:*.mjpeg=01;35:*.gif=01;35:*.bmp=01;35:*.pbm=01;35:*.pgm=01;35:*.ppm=01;35:*.tga=01;35:*.xbm=01;35:*.xpm=01;35:*.tif=01;35:*.tiff=01;35:*.png=01;35:*.svg=01;35:*.svgz=01;35:*.mng=01;35:*.pcx=01;35:*.mov=01;35:*.mpg=01;35:*.mpeg=01;35:*.m2v=01;35:*.mkv=01;35:*.webm=01;35:*.webp=01;35:*.ogm=01;35:*.mp4=01;35:*.m4v=01;35:*.mp4v=01;35:*.vob=01;35:*.qt=01;35:*.nuv=01;35:*.wmv=01;35:*.asf=01;35:*.rm=01;35:*.rmvb=01;35:*.flc=01;35:*.avi=01;35:*.fli=01;35:*.flv=01;35:*.gl=01;35:*.dl=01;35:*.xcf=01;35:*.xwd=01;35:*.yuv=01;35:*.cgm=01;35:*.emf=01;35:*.ogv=01;35:*.ogx=01;35:*.aac=00;36:*.au=00;36:*.flac=00;36:*.m4a=00;36:*.mid=00;36:*.midi=00;36:*.mka=00;36:*.mp3=00;36:*.mpc=00;36:*.ogg=00;36:*.ra=00;36:*.wav=00;36:*.oga=00;36:*.opus=00;36:*.spx=00;36:*.xspf=00;36:*~=00;90:*#=00;90:*.bak=00;90:*.crdownload=00;90:*.dpkg-dist=00;90:*.dpkg-new=00;90:*.dpkg-old=00;90:*.dpkg-tmp=00;90:*.old=00;90:*.orig=00;90:*.part=00;90:*.rej=00;90:*.rpmnew=00;90:*.rpmorig=00;90:*.rpmsave=00;90:*.swp=00;90:*.tmp=00;90:*.ucf-dist=00;90:*.ucf-new=00;90:*.ucf-old=00;90:', 'VSCODE_GIT_IPC_HANDLE': '/run/user/1000/vscode-git-3ab7d89383.sock', 'TERM_PROGRAM': 'vscode', 'AMENT_PREFIX_PATH': '/opt/ros/jazzy', 'SHELL': '/bin/bash', 'LESSCLOSE': '/usr/bin/lesspipe %s %s', 'ROS_AUTOMATIC_DISCOVERY_RANGE': 'SUBNET', 'VSCODE_GIT_ASKPASS_EXTRA_ARGS': '', 'PWD': '/home/fintan/ME4857Assignment2-master/build/sr_interfaces', 'XDG_DATA_DIRS': '/usr/local/share:/usr/share:/var/lib/snapd/desktop', 'PYTHONPATH': '/opt/ros/jazzy/lib/python3.12/site-packages', 'COLCON': '1', 'WSL2_GUI_APPS_ENABLED': '1', 'HOSTTYPE': 'x86_64', 'CMAKE_PREFIX_PATH': '/opt/ros/jazzy/opt/gz_sim_vendor:/opt/ros/jazzy/opt/gz_sensors_vendor:/opt/ros/jazzy/opt/gz_physics_vendor:/opt/ros/jazzy/opt/sdformat_vendor:/opt/ros/jazzy/opt/gz_gui_vendor:/opt/ros/jazzy/opt/gz_transport_vendor:/opt/ros/jazzy/opt/gz_rendering_vendor:/opt/ros/jazzy/opt/gz_plugin_vendor:/opt/ros/jazzy/opt/gz_fuel_tools_vendor:/opt/ros/jazzy/opt/gz_msgs_vendor:/opt/ros/jazzy/opt/gz_common_vendor:/opt/ros/jazzy/opt/gz_math_vendor:/opt/ros/jazzy/opt/gz_utils_vendor:/opt/ros/jazzy/opt/gz_tools_vendor:/opt/ros/jazzy/opt/gz_ogre_next_vendor:/opt/ros/jazzy/opt/gz_dartsim_vendor:/opt/ros/jazzy/opt/gz_cmake_vendor:/opt/ros/jazzy', 'WSLENV': 'ELECTRON_RUN_AS_NODE/w:'}), 'shell': False}
[14.414210] (-) TimerEvent: {}
[14.467089] (sr_interfaces) StdoutLine: {'line': b'[  2%] \x1b[34m\x1b[1mGenerating Rust code for ROS interfaces\x1b[0m\n'}
[14.514365] (-) TimerEvent: {}
[14.614958] (-) TimerEvent: {}
[14.716106] (-) TimerEvent: {}
[14.816595] (-) TimerEvent: {}
[14.917108] (-) TimerEvent: {}
[14.959322] (sr_interfaces) StdoutLine: {'line': b'[  2%] Built target sr_interfaces__rs\n'}
[15.017404] (sr_interfaces) StdoutLine: {'line': b'[  2%] Built target ament_cmake_python_copy_sr_interfaces\n'}
[15.017681] (-) TimerEvent: {}
[15.060111] (sr_interfaces) StdoutLine: {'line': b'[  5%] \x1b[34m\x1b[1mGenerating type hashes for ROS interfaces\x1b[0m\n'}
[15.118084] (-) TimerEvent: {}
[15.218666] (-) TimerEvent: {}
[15.319746] (-) TimerEvent: {}
[15.420863] (-) TimerEvent: {}
[15.493412] (sr_interfaces) StdoutLine: {'line': b'[  5%] Built target sr_interfaces__rosidl_generator_type_description\n'}
[15.521070] (-) TimerEvent: {}
[15.621978] (-) TimerEvent: {}
[15.723088] (-) TimerEvent: {}
[15.823531] (-) TimerEvent: {}
[15.924406] (-) TimerEvent: {}
[15.973602] (sr_interfaces) StdoutLine: {'line': b'running egg_info\n'}
[15.975635] (sr_interfaces) StdoutLine: {'line': b'creating sr_interfaces.egg-info\n'}
[16.024665] (-) TimerEvent: {}
[16.025186] (sr_interfaces) StdoutLine: {'line': b'writing sr_interfaces.egg-info/PKG-INFO\n'}
[16.025753] (sr_interfaces) StdoutLine: {'line': b'writing dependency_links to sr_interfaces.egg-info/dependency_links.txt\n'}
[16.026216] (sr_interfaces) StdoutLine: {'line': b'writing top-level names to sr_interfaces.egg-info/top_level.txt\n'}
[16.026632] (sr_interfaces) StdoutLine: {'line': b"writing manifest file 'sr_interfaces.egg-info/SOURCES.txt'\n"}
[16.125038] (-) TimerEvent: {}
[16.194947] (sr_interfaces) StdoutLine: {'line': b"reading manifest file 'sr_interfaces.egg-info/SOURCES.txt'\n"}
[16.195659] (sr_interfaces) StdoutLine: {'line': b"writing manifest file 'sr_interfaces.egg-info/SOURCES.txt'\n"}
[16.225605] (-) TimerEvent: {}
[16.269947] (sr_interfaces) StdoutLine: {'line': b'[  5%] Built target ament_cmake_python_build_sr_interfaces_egg\n'}
[16.314247] (sr_interfaces) StdoutLine: {'line': b'[  8%] \x1b[34m\x1b[1mGenerating C++ code for ROS interfaces\x1b[0m\n'}
[16.325895] (-) TimerEvent: {}
[16.426512] (-) TimerEvent: {}
[16.527351] (-) TimerEvent: {}
[16.628186] (-) TimerEvent: {}
[16.728837] (-) TimerEvent: {}
[16.829398] (-) TimerEvent: {}
[16.929911] (-) TimerEvent: {}
[17.030523] (-) TimerEvent: {}
[17.130991] (-) TimerEvent: {}
[17.225162] (sr_interfaces) StdoutLine: {'line': b'[  8%] Built target sr_interfaces__cpp\n'}
[17.231208] (-) TimerEvent: {}
[17.253243] (sr_interfaces) StdoutLine: {'line': b'[ 11%] \x1b[34m\x1b[1mGenerating C code for ROS interfaces\x1b[0m\n'}
[17.331429] (-) TimerEvent: {}
[17.432020] (-) TimerEvent: {}
[17.532596] (-) TimerEvent: {}
[17.633220] (-) TimerEvent: {}
[17.733854] (-) TimerEvent: {}
[17.834481] (-) TimerEvent: {}
[17.935073] (-) TimerEvent: {}
[18.035680] (-) TimerEvent: {}
[18.136404] (-) TimerEvent: {}
[18.237920] (-) TimerEvent: {}
[18.340703] (-) TimerEvent: {}
[18.344998] (sr_interfaces) StdoutLine: {'line': b'[ 17%] \x1b[32mBuilding C object CMakeFiles/sr_interfaces__rosidl_generator_c.dir/rosidl_generator_c/sr_interfaces/action/detail/navigate_to_waypoint__type_support.c.o\x1b[0m\n'}
[18.345690] (sr_interfaces) StdoutLine: {'line': b'[ 17%] \x1b[32mBuilding C object CMakeFiles/sr_interfaces__rosidl_generator_c.dir/rosidl_generator_c/sr_interfaces/action/detail/navigate_to_waypoint__description.c.o\x1b[0m\n'}
[18.346395] (sr_interfaces) StdoutLine: {'line': b'[ 20%] \x1b[32mBuilding C object CMakeFiles/sr_interfaces__rosidl_generator_c.dir/rosidl_generator_c/sr_interfaces/action/detail/navigate_to_waypoint__functions.c.o\x1b[0m\n'}
[18.442440] (-) TimerEvent: {}
[18.545123] (-) TimerEvent: {}
[18.646823] (-) TimerEvent: {}
[18.747625] (-) TimerEvent: {}
[18.848274] (-) TimerEvent: {}
[18.935531] (sr_interfaces) StdoutLine: {'line': b'[ 22%] \x1b[32m\x1b[1mLinking C shared library libsr_interfaces__rosidl_generator_c.so\x1b[0m\n'}
[18.948582] (-) TimerEvent: {}
[19.049303] (-) TimerEvent: {}
[19.149801] (-) TimerEvent: {}
[19.250615] (-) TimerEvent: {}
[19.294949] (sr_interfaces) StdoutLine: {'line': b'[ 22%] Built target sr_interfaces__rosidl_generator_c\n'}
[19.324751] (sr_interfaces) StdoutLine: {'line': b'[ 25%] \x1b[34m\x1b[1mGenerating C type support for eProsima Fast-RTPS\x1b[0m\n'}
[19.325523] (sr_interfaces) StdoutLine: {'line': b'[ 31%] \x1b[34m\x1b[1mGenerating C++ type support for eProsima Fast-RTPS\x1b[0m\n'}
[19.325848] (sr_interfaces) StdoutLine: {'line': b'[ 31%] \x1b[34m\x1b[1mGenerating C type support dispatch for ROS interfaces\x1b[0m\n'}
[19.326498] (sr_interfaces) StdoutLine: {'line': b'[ 34%] \x1b[34m\x1b[1mGenerating C introspection for ROS interfaces\x1b[0m\n'}
[19.350784] (-) TimerEvent: {}
[19.451550] (-) TimerEvent: {}
[19.552139] (-) TimerEvent: {}
[19.652787] (-) TimerEvent: {}
[19.753335] (-) TimerEvent: {}
[19.853963] (-) TimerEvent: {}
[19.954611] (-) TimerEvent: {}
[20.055115] (-) TimerEvent: {}
[20.148488] (sr_interfaces) StdoutLine: {'line': b'[ 37%] \x1b[32mBuilding CXX object CMakeFiles/sr_interfaces__rosidl_typesupport_c.dir/rosidl_typesupport_c/sr_interfaces/action/navigate_to_waypoint__type_support.cpp.o\x1b[0m\n'}
[20.155518] (-) TimerEvent: {}
[20.256286] (-) TimerEvent: {}
[20.357072] (-) TimerEvent: {}
[20.383288] (sr_interfaces) StdoutLine: {'line': b'[ 40%] \x1b[32mBuilding C object CMakeFiles/sr_interfaces__rosidl_typesupport_introspection_c.dir/rosidl_typesupport_introspection_c/sr_interfaces/action/detail/navigate_to_waypoint__type_support.c.o\x1b[0m\n'}
[20.409214] (sr_interfaces) StdoutLine: {'line': b'[ 42%] \x1b[32m\x1b[1mLinking CXX shared library libsr_interfaces__rosidl_typesupport_c.so\x1b[0m\n'}
[20.457362] (-) TimerEvent: {}
[20.558045] (-) TimerEvent: {}
[20.607093] (sr_interfaces) StdoutLine: {'line': b'[ 45%] \x1b[32m\x1b[1mLinking C shared library libsr_interfaces__rosidl_typesupport_introspection_c.so\x1b[0m\n'}
[20.658324] (-) TimerEvent: {}
[20.699581] (sr_interfaces) StdoutLine: {'line': b'[ 48%] \x1b[32mBuilding CXX object CMakeFiles/sr_interfaces__rosidl_typesupport_fastrtps_cpp.dir/rosidl_typesupport_fastrtps_cpp/sr_interfaces/action/detail/dds_fastrtps/navigate_to_waypoint__type_support.cpp.o\x1b[0m\n'}
[20.758703] (-) TimerEvent: {}
[20.828503] (sr_interfaces) StdoutLine: {'line': b'[ 51%] \x1b[32mBuilding CXX object CMakeFiles/sr_interfaces__rosidl_typesupport_fastrtps_c.dir/rosidl_typesupport_fastrtps_c/sr_interfaces/action/detail/navigate_to_waypoint__type_support_c.cpp.o\x1b[0m\n'}
[20.858900] (-) TimerEvent: {}
[20.877536] (sr_interfaces) StdoutLine: {'line': b'[ 51%] Built target sr_interfaces__rosidl_typesupport_c\n'}
[20.917061] (sr_interfaces) StdoutLine: {'line': b'[ 54%] \x1b[34m\x1b[1mGenerating C++ introspection for ROS interfaces\x1b[0m\n'}
[20.917817] (sr_interfaces) StdoutLine: {'line': b'[ 57%] \x1b[34m\x1b[1mGenerating C++ type support dispatch for ROS interfaces\x1b[0m\n'}
[20.959509] (-) TimerEvent: {}
[21.060405] (-) TimerEvent: {}
[21.112357] (sr_interfaces) StdoutLine: {'line': b'[ 57%] Built target sr_interfaces__rosidl_typesupport_introspection_c\n'}
[21.161133] (-) TimerEvent: {}
[21.262823] (-) TimerEvent: {}
[21.363494] (-) TimerEvent: {}
[21.464097] (-) TimerEvent: {}
[21.564860] (-) TimerEvent: {}
[21.665543] (-) TimerEvent: {}
[21.766232] (-) TimerEvent: {}
[21.844645] (sr_interfaces) StdoutLine: {'line': b'[ 60%] \x1b[32mBuilding CXX object CMakeFiles/sr_interfaces__rosidl_typesupport_cpp.dir/rosidl_typesupport_cpp/sr_interfaces/action/navigate_to_waypoint__type_support.cpp.o\x1b[0m\n'}
[21.866411] (-) TimerEvent: {}
[21.937811] (sr_interfaces) StdoutLine: {'line': b'[ 62%] \x1b[32mBuilding CXX object CMakeFiles/sr_interfaces__rosidl_typesupport_introspection_cpp.dir/rosidl_typesupport_introspection_cpp/sr_interfaces/action/detail/navigate_to_waypoint__type_support.cpp.o\x1b[0m\n'}
[21.966699] (-) TimerEvent: {}
[22.067344] (-) TimerEvent: {}
[22.167901] (-) TimerEvent: {}
[22.268546] (-) TimerEvent: {}
[22.369319] (-) TimerEvent: {}
[22.470096] (-) TimerEvent: {}
[22.565336] (sr_interfaces) StdoutLine: {'line': b'[ 65%] \x1b[32m\x1b[1mLinking CXX shared library libsr_interfaces__rosidl_typesupport_fastrtps_c.so\x1b[0m\n'}
[22.570510] (-) TimerEvent: {}
[22.671072] (-) TimerEvent: {}
[22.771648] (-) TimerEvent: {}
[22.872136] (-) TimerEvent: {}
[22.972757] (-) TimerEvent: {}
[23.041762] (sr_interfaces) StdoutLine: {'line': b'[ 65%] Built target sr_interfaces__rosidl_typesupport_fastrtps_c\n'}
[23.072923] (-) TimerEvent: {}
[23.173409] (-) TimerEvent: {}
[23.274063] (-) TimerEvent: {}
[23.374615] (-) TimerEvent: {}
[23.475134] (-) TimerEvent: {}
[23.570155] (sr_interfaces) StdoutLine: {'line': b'[ 68%] \x1b[32m\x1b[1mLinking CXX shared library libsr_interfaces__rosidl_typesupport_cpp.so\x1b[0m\n'}
[23.570730] (sr_interfaces) StdoutLine: {'line': b'[ 71%] \x1b[32m\x1b[1mLinking CXX shared library libsr_interfaces__rosidl_typesupport_fastrtps_cpp.so\x1b[0m\n'}
[23.575269] (-) TimerEvent: {}
[23.675826] (-) TimerEvent: {}
[23.776402] (-) TimerEvent: {}
[23.818667] (sr_interfaces) StdoutLine: {'line': b'[ 74%] \x1b[32m\x1b[1mLinking CXX shared library libsr_interfaces__rosidl_typesupport_introspection_cpp.so\x1b[0m\n'}
[23.876750] (-) TimerEvent: {}
[23.908701] (sr_interfaces) StdoutLine: {'line': b'[ 74%] Built target sr_interfaces__rosidl_typesupport_cpp\n'}
[23.922759] (sr_interfaces) StdoutLine: {'line': b'[ 74%] Built target sr_interfaces__rosidl_typesupport_fastrtps_cpp\n'}
[23.976880] (-) TimerEvent: {}
[24.077292] (-) TimerEvent: {}
[24.177744] (-) TimerEvent: {}
[24.250163] (sr_interfaces) StdoutLine: {'line': b'[ 74%] Built target sr_interfaces__rosidl_typesupport_introspection_cpp\n'}
[24.277906] (-) TimerEvent: {}
[24.300539] (sr_interfaces) StdoutLine: {'line': b'[ 74%] Built target sr_interfaces\n'}
[24.350662] (sr_interfaces) StdoutLine: {'line': b'[ 77%] \x1b[34m\x1b[1mGenerating Python code for ROS interfaces\x1b[0m\n'}
[24.378146] (-) TimerEvent: {}
[24.478778] (-) TimerEvent: {}
[24.579508] (-) TimerEvent: {}
[24.680008] (-) TimerEvent: {}
[24.780490] (-) TimerEvent: {}
[24.881089] (-) TimerEvent: {}
[24.982041] (-) TimerEvent: {}
[25.082525] (-) TimerEvent: {}
[25.183043] (-) TimerEvent: {}
[25.283618] (-) TimerEvent: {}
[25.384120] (-) TimerEvent: {}
[25.427546] (sr_interfaces) StdoutLine: {'line': b'[ 77%] Built target sr_interfaces__py\n'}
[25.468007] (sr_interfaces) StdoutLine: {'line': b'[ 80%] \x1b[32mBuilding C object CMakeFiles/sr_interfaces__rosidl_generator_py.dir/rosidl_generator_py/sr_interfaces/action/_navigate_to_waypoint_s.c.o\x1b[0m\n'}
[25.484309] (-) TimerEvent: {}
[25.584742] (-) TimerEvent: {}
[25.685186] (-) TimerEvent: {}
[25.785687] (-) TimerEvent: {}
[25.830628] (sr_interfaces) StdoutLine: {'line': b'[ 82%] \x1b[32m\x1b[1mLinking C shared library libsr_interfaces__rosidl_generator_py.so\x1b[0m\n'}
[25.885856] (-) TimerEvent: {}
[25.986359] (-) TimerEvent: {}
[26.086775] (-) TimerEvent: {}
[26.154711] (sr_interfaces) StdoutLine: {'line': b'[ 82%] Built target sr_interfaces__rosidl_generator_py\n'}
[26.186965] (-) TimerEvent: {}
[26.194264] (sr_interfaces) StdoutLine: {'line': b'[ 88%] \x1b[32mBuilding C object CMakeFiles/sr_interfaces_s__rosidl_typesupport_c.dir/rosidl_generator_py/sr_interfaces/_sr_interfaces_s.ep.rosidl_typesupport_c.c.o\x1b[0m\n'}
[26.194558] (sr_interfaces) StdoutLine: {'line': b'[ 88%] \x1b[32mBuilding C object CMakeFiles/sr_interfaces_s__rosidl_typesupport_introspection_c.dir/rosidl_generator_py/sr_interfaces/_sr_interfaces_s.ep.rosidl_typesupport_introspection_c.c.o\x1b[0m\n'}
[26.197291] (sr_interfaces) StdoutLine: {'line': b'[ 91%] \x1b[32mBuilding C object CMakeFiles/sr_interfaces_s__rosidl_typesupport_fastrtps_c.dir/rosidl_generator_py/sr_interfaces/_sr_interfaces_s.ep.rosidl_typesupport_fastrtps_c.c.o\x1b[0m\n'}
[26.287145] (-) TimerEvent: {}
[26.387718] (-) TimerEvent: {}
[26.476006] (sr_interfaces) StdoutLine: {'line': b'[ 94%] \x1b[32m\x1b[1mLinking C shared module rosidl_generator_py/sr_interfaces/sr_interfaces_s__rosidl_typesupport_introspection_c.so\x1b[0m\n'}
[26.479189] (sr_interfaces) StdoutLine: {'line': b'[ 97%] \x1b[32m\x1b[1mLinking C shared module rosidl_generator_py/sr_interfaces/sr_interfaces_s__rosidl_typesupport_fastrtps_c.so\x1b[0m\n'}
[26.481105] (sr_interfaces) StdoutLine: {'line': b'[100%] \x1b[32m\x1b[1mLinking C shared module rosidl_generator_py/sr_interfaces/sr_interfaces_s__rosidl_typesupport_c.so\x1b[0m\n'}
[26.487859] (-) TimerEvent: {}
[26.588290] (-) TimerEvent: {}
[26.688678] (-) TimerEvent: {}
[26.689612] (sr_interfaces) StdoutLine: {'line': b'[100%] Built target sr_interfaces_s__rosidl_typesupport_c\n'}
[26.690601] (sr_interfaces) StdoutLine: {'line': b'[100%] Built target sr_interfaces_s__rosidl_typesupport_introspection_c\n'}
[26.692733] (sr_interfaces) StdoutLine: {'line': b'[100%] Built target sr_interfaces_s__rosidl_typesupport_fastrtps_c\n'}
[26.718831] (sr_interfaces) CommandEnded: {'returncode': 0}
[26.720258] (sr_interfaces) JobProgress: {'identifier': 'sr_interfaces', 'progress': 'install'}
[26.720739] (sr_interfaces) Command: {'cmd': ['/usr/bin/cmake', '--install', '/home/fintan/ME4857Assignment2-master/build/sr_interfaces'], 'cwd': '/home/fintan/ME4857Assignment2-master/build/sr_interfaces', 'env': OrderedDict({'PYTHON_BASIC_REPL': '1', 'LESSOPEN': '| /usr/bin/lesspipe %s', 'GZ_SIM_RESOURCE_PATH': '/opt/ros/jazzy/share', 'USER': 'fintan', 'GZ_CONFIG_PATH': '/opt/ros/jazzy/opt/gz_sim_vendor/share/gz:/opt/ros/jazzy/opt/sdformat_vendor/share/gz:/opt/ros/jazzy/opt/gz_gui_vendor/share/gz:/opt/ros/jazzy/opt/gz_transport_vendor/share/gz:/opt/ros/jazzy/opt/gz_rendering_vendor/share/gz:/opt/ros/jazzy/opt/gz_plugin_vendor/share/gz:/opt/ros/jazzy/opt/gz_fuel_tools_vendor/share/gz:/opt/ros/jazzy/opt/gz_msgs_vendor/share/gz:/opt/ros/jazzy/opt/gz_common_vendor/share/gz', 'GIT_ASKPASS': '/home/fintan/.vscode-server/bin/034f571df509819cc10b0c8129f66ef77a542f0e/extensions/git/dist/askpass.sh', 'SHLVL': '2', 'LD_LIBRARY_PATH': '/opt/ros/jazzy/opt/gz_sim_vendor/lib:/opt/ros/jazzy/opt/gz_sensors_vendor/lib:/opt/ros/jazzy/opt/gz_physics_vendor/lib:/opt/ros/jazzy/opt/sdformat_vendor/lib:/opt/ros/jazzy/opt/rviz_ogre_vendor/lib:/opt/ros/jazzy/lib/x86_64-linux-gnu:/opt/ros/jazzy/opt/gz_gui_vendor/lib:/opt/ros/jazzy/opt/gz_transport_vendor/lib:/opt/ros/jazzy/opt/gz_rendering_vendor/lib:/opt/ros/jazzy/opt/gz_plugin_vendor/lib:/opt/ros/jazzy/opt/gz_fuel_tools_vendor/lib:/opt/ros/jazzy/opt/gz_msgs_vendor/lib:/opt/ros/jazzy/opt/gz_common_vendor/lib:/opt/ros/jazzy/opt/gz_math_vendor/lib:/opt/ros/jazzy/opt/gz_utils_vendor/lib:/opt/ros/jazzy/opt/gz_tools_vendor/lib:/opt/ros/jazzy/opt/gz_ogre_next_vendor/lib:/opt/ros/jazzy/opt/gz_dartsim_vendor/lib:/opt/ros/jazzy/opt/gz_cmake_vendor/lib:/opt/ros/jazzy/lib', 'HOME': '/home/fintan', 'TERM_PROGRAM_VERSION': '1.118.1', 'VSCODE_IPC_HOOK_CLI': '/run/user/1000/vscode-ipc-2ba379c7-4516-42f4-82f1-e99d6d20f8f5.sock', 'ROS_PYTHON_VERSION': '3', 'VSCODE_GIT_ASKPASS_MAIN': '/home/fintan/.vscode-server/bin/034f571df509819cc10b0c8129f66ef77a542f0e/extensions/git/dist/askpass-main.js', 'VSCODE_GIT_ASKPASS_NODE': '/home/fintan/.vscode-server/bin/034f571df509819cc10b0c8129f66ef77a542f0e/node', 'PYDEVD_DISABLE_FILE_VALIDATION': '1', 'BUNDLED_DEBUGPY_PATH': '/home/fintan/.vscode-server/extensions/ms-python.debugpy-2026.6.0-linux-x64/bundled/libs/debugpy', 'VSCODE_PYTHON_AUTOACTIVATE_GUARD': '1', 'DBUS_SESSION_BUS_ADDRESS': 'unix:path=/run/user/1000/bus', 'COLORTERM': 'truecolor', 'WSL_DISTRO_NAME': 'Ubuntu-24.04', 'WAYLAND_DISPLAY': 'wayland-0', 'ROS_DISTRO': 'jazzy', 'LOGNAME': 'fintan', 'NAME': 'Code', 'WSL_INTEROP': '/run/WSL/626_interop', 'PULSE_SERVER': 'unix:/mnt/wslg/PulseServer', '_': '/usr/bin/colcon', 'ROS_VERSION': '2', 'CLAUDE_CODE_SSE_PORT': '12561', 'TERM': 'xterm-256color', 'PATH': '/home/fintan/.vscode-server/bin/034f571df509819cc10b0c8129f66ef77a542f0e/bin/remote-cli:/opt/ros/jazzy/opt/gz_msgs_vendor/bin:/opt/ros/jazzy/opt/gz_tools_vendor/bin:/opt/ros/jazzy/opt/gz_ogre_next_vendor/bin:/opt/ros/jazzy/bin:/usr/local/sbin:/usr/local/bin:/usr/sbin:/usr/bin:/sbin:/bin:/usr/games:/usr/local/games:/usr/lib/wsl/lib:/mnt/c/Program Files/WindowsApps/MicrosoftCorporationII.WindowsSubsystemForLinux_2.6.3.0_x64__8wekyb3d8bbwe:/mnt/c/Program Files/Oculus/Support/oculus-runtime:/mnt/c/Program Files (x86)/NVIDIA Corporation/PhysX/Common:/mnt/c/WINDOWS/system32:/mnt/c/WINDOWS:/mnt/c/WINDOWS/System32/Wbem:/mnt/c/WINDOWS/System32/WindowsPowerShell/v1.0/:/mnt/c/WINDOWS/System32/OpenSSH/:/mnt/c/Program Files (x86)/Microsoft SQL Server/80/Tools/Binn/:/mnt/c/Program Files (x86)/IVI Foundation/VISA/WinNT/Bin/:/mnt/c/Program Files/IVI Foundation/VISA/Win64/Bin/:/mnt/c/Program Files (x86)/Microsoft SQL Server/110/Tools/Binn/:/mnt/c/Program Files (x86)/Microsoft SQL Server/110/DTS/Binn/:/mnt/c/Program Files (x86)/National Instruments/Shared/LabVIEW CLI:/mnt/c/Program Files (x86)/IVI Foundation/VISA/WinNT/Bin:/mnt/c/Program Files/MATLAB/R2024a/runtime/win64:/mnt/c/Program Files/MATLAB/R2024a/bin:/mnt/c/Program Files/dotnet/:/mnt/c/Program Files (x86)/Windows Kits/10/Windows Performance Toolkit/:/mnt/c/Program Files (x86)/Windows Kits/8.1/Windows Performance Toolkit/:/mnt/c/WINDOWS/system32:/mnt/c/WINDOWS:/mnt/c/WINDOWS/System32/Wbem:/mnt/c/WINDOWS/System32/WindowsPowerShell/v1.0/:/mnt/c/WINDOWS/System32/OpenSSH/:/mnt/c/Program Files/Git/cmd:/mnt/c/Users/finta/AppData/Local/Microsoft/WindowsApps:/mnt/c/Users/finta/.dotnet/tools:/mnt/c/Users/finta/AppData/Local/Programs/Microsoft VS Code/bin:/snap/bin:/home/fintan/.vscode-server/extensions/ms-python.debugpy-2026.6.0-linux-x64/bundled/scripts/noConfigScripts', 'XDG_RUNTIME_DIR': '/run/user/1000/', 'DISPLAY': ':0', 'VSCODE_DEBUGPY_ADAPTER_ENDPOINTS': '/home/fintan/.vscode-server/extensions/ms-python.debugpy-2026.6.0-linux-x64/.noConfigDebugAdapterEndpoints/endpoint-636eeb89a7caa7be.txt', 'LANG': 'en_US.UTF-8', 'PYTHONSTARTUP': '/home/fintan/.vscode-server/data/User/workspaceStorage/4725ec95605af0bd791a71f3d485e46e/ms-python.python/pythonrc.py', 'LS_COLORS': 'rs=0:di=01;34:ln=01;36:mh=00:pi=40;33:so=01;35:do=01;35:bd=40;33;01:cd=40;33;01:or=40;31;01:mi=00:su=37;41:sg=30;43:ca=00:tw=30;42:ow=34;42:st=37;44:ex=01;32:*.tar=01;31:*.tgz=01;31:*.arc=01;31:*.arj=01;31:*.taz=01;31:*.lha=01;31:*.lz4=01;31:*.lzh=01;31:*.lzma=01;31:*.tlz=01;31:*.txz=01;31:*.tzo=01;31:*.t7z=01;31:*.zip=01;31:*.z=01;31:*.dz=01;31:*.gz=01;31:*.lrz=01;31:*.lz=01;31:*.lzo=01;31:*.xz=01;31:*.zst=01;31:*.tzst=01;31:*.bz2=01;31:*.bz=01;31:*.tbz=01;31:*.tbz2=01;31:*.tz=01;31:*.deb=01;31:*.rpm=01;31:*.jar=01;31:*.war=01;31:*.ear=01;31:*.sar=01;31:*.rar=01;31:*.alz=01;31:*.ace=01;31:*.zoo=01;31:*.cpio=01;31:*.7z=01;31:*.rz=01;31:*.cab=01;31:*.wim=01;31:*.swm=01;31:*.dwm=01;31:*.esd=01;31:*.avif=01;35:*.jpg=01;35:*.jpeg=01;35:*.mjpg=01;35:*.mjpeg=01;35:*.gif=01;35:*.bmp=01;35:*.pbm=01;35:*.pgm=01;35:*.ppm=01;35:*.tga=01;35:*.xbm=01;35:*.xpm=01;35:*.tif=01;35:*.tiff=01;35:*.png=01;35:*.svg=01;35:*.svgz=01;35:*.mng=01;35:*.pcx=01;35:*.mov=01;35:*.mpg=01;35:*.mpeg=01;35:*.m2v=01;35:*.mkv=01;35:*.webm=01;35:*.webp=01;35:*.ogm=01;35:*.mp4=01;35:*.m4v=01;35:*.mp4v=01;35:*.vob=01;35:*.qt=01;35:*.nuv=01;35:*.wmv=01;35:*.asf=01;35:*.rm=01;35:*.rmvb=01;35:*.flc=01;35:*.avi=01;35:*.fli=01;35:*.flv=01;35:*.gl=01;35:*.dl=01;35:*.xcf=01;35:*.xwd=01;35:*.yuv=01;35:*.cgm=01;35:*.emf=01;35:*.ogv=01;35:*.ogx=01;35:*.aac=00;36:*.au=00;36:*.flac=00;36:*.m4a=00;36:*.mid=00;36:*.midi=00;36:*.mka=00;36:*.mp3=00;36:*.mpc=00;36:*.ogg=00;36:*.ra=00;36:*.wav=00;36:*.oga=00;36:*.opus=00;36:*.spx=00;36:*.xspf=00;36:*~=00;90:*#=00;90:*.bak=00;90:*.crdownload=00;90:*.dpkg-dist=00;90:*.dpkg-new=00;90:*.dpkg-old=00;90:*.dpkg-tmp=00;90:*.old=00;90:*.orig=00;90:*.part=00;90:*.rej=00;90:*.rpmnew=00;90:*.rpmorig=00;90:*.rpmsave=00;90:*.swp=00;90:*.tmp=00;90:*.ucf-dist=00;90:*.ucf-new=00;90:*.ucf-old=00;90:', 'VSCODE_GIT_IPC_HANDLE': '/run/user/1000/vscode-git-3ab7d89383.sock', 'TERM_PROGRAM': 'vscode', 'AMENT_PREFIX_PATH': '/opt/ros/jazzy', 'SHELL': '/bin/bash', 'LESSCLOSE': '/usr/bin/lesspipe %s %s', 'ROS_AUTOMATIC_DISCOVERY_RANGE': 'SUBNET', 'VSCODE_GIT_ASKPASS_EXTRA_ARGS': '', 'PWD': '/home/fintan/ME4857Assignment2-master/build/sr_interfaces', 'XDG_DATA_DIRS': '/usr/local/share:/usr/share:/var/lib/snapd/desktop', 'PYTHONPATH': '/opt/ros/jazzy/lib/python3.12/site-packages', 'COLCON': '1', 'WSL2_GUI_APPS_ENABLED': '1', 'HOSTTYPE': 'x86_64', 'CMAKE_PREFIX_PATH': '/opt/ros/jazzy/opt/gz_sim_vendor:/opt/ros/jazzy/opt/gz_sensors_vendor:/opt/ros/jazzy/opt/gz_physics_vendor:/opt/ros/jazzy/opt/sdformat_vendor:/opt/ros/jazzy/opt/gz_gui_vendor:/opt/ros/jazzy/opt/gz_transport_vendor:/opt/ros/jazzy/opt/gz_rendering_vendor:/opt/ros/jazzy/opt/gz_plugin_vendor:/opt/ros/jazzy/opt/gz_fuel_tools_vendor:/opt/ros/jazzy/opt/gz_msgs_vendor:/opt/ros/jazzy/opt/gz_common_vendor:/opt/ros/jazzy/opt/gz_math_vendor:/opt/ros/jazzy/opt/gz_utils_vendor:/opt/ros/jazzy/opt/gz_tools_vendor:/opt/ros/jazzy/opt/gz_ogre_next_vendor:/opt/ros/jazzy/opt/gz_dartsim_vendor:/opt/ros/jazzy/opt/gz_cmake_vendor:/opt/ros/jazzy', 'WSLENV': 'ELECTRON_RUN_AS_NODE/w:'}), 'shell': False}
[26.739637] (sr_interfaces) StdoutLine: {'line': b'-- Install configuration: ""\n'}
[26.741706] (sr_interfaces) StdoutLine: {'line': b'-- Installing: /home/fintan/ME4857Assignment2-master/install/sr_interfaces/share/ament_index/resource_index/rosidl_interfaces/sr_interfaces\n'}
[26.742863] (sr_interfaces) StdoutLine: {'line': b'-- Installing: /home/fintan/ME4857Assignment2-master/install/sr_interfaces/share/sr_interfaces/action/NavigateToWaypoint.json\n'}
[26.743205] (sr_interfaces) StdoutLine: {'line': b'-- Installing: /home/fintan/ME4857Assignment2-master/install/sr_interfaces/include/sr_interfaces/sr_interfaces\n'}
[26.744372] (sr_interfaces) StdoutLine: {'line': b'-- Installing: /home/fintan/ME4857Assignment2-master/install/sr_interfaces/include/sr_interfaces/sr_interfaces/msg\n'}
[26.744851] (sr_interfaces) StdoutLine: {'line': b'-- Installing: /home/fintan/ME4857Assignment2-master/install/sr_interfaces/include/sr_interfaces/sr_interfaces/msg/rosidl_generator_c__visibility_control.h\n'}
[26.745261] (sr_interfaces) StdoutLine: {'line': b'-- Installing: /home/fintan/ME4857Assignment2-master/install/sr_interfaces/include/sr_interfaces/sr_interfaces/action\n'}
[26.745606] (sr_interfaces) StdoutLine: {'line': b'-- Installing: /home/fintan/ME4857Assignment2-master/install/sr_interfaces/include/sr_interfaces/sr_interfaces/action/detail\n'}
[26.746985] (sr_interfaces) StdoutLine: {'line': b'-- Installing: /home/fintan/ME4857Assignment2-master/install/sr_interfaces/include/sr_interfaces/sr_interfaces/action/detail/navigate_to_waypoint__type_support.c\n'}
[26.747584] (sr_interfaces) StdoutLine: {'line': b'-- Installing: /home/fintan/ME4857Assignment2-master/install/sr_interfaces/include/sr_interfaces/sr_interfaces/action/detail/navigate_to_waypoint__type_support.h\n'}
[26.747783] (sr_interfaces) StdoutLine: {'line': b'-- Installing: /home/fintan/ME4857Assignment2-master/install/sr_interfaces/include/sr_interfaces/sr_interfaces/action/detail/navigate_to_waypoint__description.c\n'}
[26.748154] (sr_interfaces) StdoutLine: {'line': b'-- Installing: /home/fintan/ME4857Assignment2-master/install/sr_interfaces/include/sr_interfaces/sr_interfaces/action/detail/navigate_to_waypoint__functions.h\n'}
[26.748876] (sr_interfaces) StdoutLine: {'line': b'-- Installing: /home/fintan/ME4857Assignment2-master/install/sr_interfaces/include/sr_interfaces/sr_interfaces/action/detail/navigate_to_waypoint__functions.c\n'}
[26.749515] (sr_interfaces) StdoutLine: {'line': b'-- Installing: /home/fintan/ME4857Assignment2-master/install/sr_interfaces/include/sr_interfaces/sr_interfaces/action/detail/navigate_to_waypoint__struct.h\n'}
[26.749880] (sr_interfaces) StdoutLine: {'line': b'-- Installing: /home/fintan/ME4857Assignment2-master/install/sr_interfaces/include/sr_interfaces/sr_interfaces/action/navigate_to_waypoint.h\n'}
[26.750554] (sr_interfaces) StdoutLine: {'line': b'-- Installing: /home/fintan/ME4857Assignment2-master/install/sr_interfaces/share/sr_interfaces/environment/library_path.sh\n'}
[26.750997] (sr_interfaces) StdoutLine: {'line': b'-- Installing: /home/fintan/ME4857Assignment2-master/install/sr_interfaces/share/sr_interfaces/environment/library_path.dsv\n'}
[26.752139] (sr_interfaces) StdoutLine: {'line': b'-- Installing: /home/fintan/ME4857Assignment2-master/install/sr_interfaces/lib/libsr_interfaces__rosidl_generator_c.so\n'}
[26.753631] (sr_interfaces) StdoutLine: {'line': b'-- Set non-toolchain portion of runtime path of "/home/fintan/ME4857Assignment2-master/install/sr_interfaces/lib/libsr_interfaces__rosidl_generator_c.so" to ""\n'}
[26.754053] (sr_interfaces) StdoutLine: {'line': b'-- Up-to-date: /home/fintan/ME4857Assignment2-master/install/sr_interfaces/include/sr_interfaces/sr_interfaces\n'}
[26.754531] (sr_interfaces) StdoutLine: {'line': b'-- Up-to-date: /home/fintan/ME4857Assignment2-master/install/sr_interfaces/include/sr_interfaces/sr_interfaces/msg\n'}
[26.754868] (sr_interfaces) StdoutLine: {'line': b'-- Installing: /home/fintan/ME4857Assignment2-master/install/sr_interfaces/include/sr_interfaces/sr_interfaces/msg/rosidl_typesupport_fastrtps_c__visibility_control.h\n'}
[26.755326] (sr_interfaces) StdoutLine: {'line': b'-- Up-to-date: /home/fintan/ME4857Assignment2-master/install/sr_interfaces/include/sr_interfaces/sr_interfaces/action\n'}
[26.755437] (sr_interfaces) StdoutLine: {'line': b'-- Up-to-date: /home/fintan/ME4857Assignment2-master/install/sr_interfaces/include/sr_interfaces/sr_interfaces/action/detail\n'}
[26.755536] (sr_interfaces) StdoutLine: {'line': b'-- Installing: /home/fintan/ME4857Assignment2-master/install/sr_interfaces/include/sr_interfaces/sr_interfaces/action/detail/navigate_to_waypoint__rosidl_typesupport_fastrtps_c.h\n'}
[26.755634] (sr_interfaces) StdoutLine: {'line': b'-- Installing: /home/fintan/ME4857Assignment2-master/install/sr_interfaces/lib/libsr_interfaces__rosidl_typesupport_fastrtps_c.so\n'}
[26.756473] (sr_interfaces) StdoutLine: {'line': b'-- Set non-toolchain portion of runtime path of "/home/fintan/ME4857Assignment2-master/install/sr_interfaces/lib/libsr_interfaces__rosidl_typesupport_fastrtps_c.so" to ""\n'}
[26.756788] (sr_interfaces) StdoutLine: {'line': b'-- Up-to-date: /home/fintan/ME4857Assignment2-master/install/sr_interfaces/include/sr_interfaces/sr_interfaces\n'}
[26.757023] (sr_interfaces) StdoutLine: {'line': b'-- Up-to-date: /home/fintan/ME4857Assignment2-master/install/sr_interfaces/include/sr_interfaces/sr_interfaces/msg\n'}
[26.757539] (sr_interfaces) StdoutLine: {'line': b'-- Installing: /home/fintan/ME4857Assignment2-master/install/sr_interfaces/include/sr_interfaces/sr_interfaces/msg/rosidl_typesupport_introspection_c__visibility_control.h\n'}
[26.757810] (sr_interfaces) StdoutLine: {'line': b'-- Up-to-date: /home/fintan/ME4857Assignment2-master/install/sr_interfaces/include/sr_interfaces/sr_interfaces/action\n'}
[26.758220] (sr_interfaces) StdoutLine: {'line': b'-- Up-to-date: /home/fintan/ME4857Assignment2-master/install/sr_interfaces/include/sr_interfaces/sr_interfaces/action/detail\n'}
[26.758341] (sr_interfaces) StdoutLine: {'line': b'-- Installing: /home/fintan/ME4857Assignment2-master/install/sr_interfaces/include/sr_interfaces/sr_interfaces/action/detail/navigate_to_waypoint__type_support.c\n'}
[26.758440] (sr_interfaces) StdoutLine: {'line': b'-- Installing: /home/fintan/ME4857Assignment2-master/install/sr_interfaces/include/sr_interfaces/sr_interfaces/action/detail/navigate_to_waypoint__rosidl_typesupport_introspection_c.h\n'}
[26.758808] (sr_interfaces) StdoutLine: {'line': b'-- Installing: /home/fintan/ME4857Assignment2-master/install/sr_interfaces/lib/libsr_interfaces__rosidl_typesupport_introspection_c.so\n'}
[26.759594] (sr_interfaces) StdoutLine: {'line': b'-- Set non-toolchain portion of runtime path of "/home/fintan/ME4857Assignment2-master/install/sr_interfaces/lib/libsr_interfaces__rosidl_typesupport_introspection_c.so" to ""\n'}
[26.759920] (sr_interfaces) StdoutLine: {'line': b'-- Installing: /home/fintan/ME4857Assignment2-master/install/sr_interfaces/lib/libsr_interfaces__rosidl_typesupport_c.so\n'}
[26.760973] (sr_interfaces) StdoutLine: {'line': b'-- Set non-toolchain portion of runtime path of "/home/fintan/ME4857Assignment2-master/install/sr_interfaces/lib/libsr_interfaces__rosidl_typesupport_c.so" to ""\n'}
[26.761556] (sr_interfaces) StdoutLine: {'line': b'-- Up-to-date: /home/fintan/ME4857Assignment2-master/install/sr_interfaces/include/sr_interfaces/sr_interfaces\n'}
[26.762796] (sr_interfaces) StdoutLine: {'line': b'-- Up-to-date: /home/fintan/ME4857Assignment2-master/install/sr_interfaces/include/sr_interfaces/sr_interfaces/msg\n'}
[26.763477] (sr_interfaces) StdoutLine: {'line': b'-- Installing: /home/fintan/ME4857Assignment2-master/install/sr_interfaces/include/sr_interfaces/sr_interfaces/msg/rosidl_generator_cpp__visibility_control.hpp\n'}
[26.764712] (sr_interfaces) StdoutLine: {'line': b'-- Up-to-date: /home/fintan/ME4857Assignment2-master/install/sr_interfaces/include/sr_interfaces/sr_interfaces/action\n'}
[26.765301] (sr_interfaces) StdoutLine: {'line': b'-- Up-to-date: /home/fintan/ME4857Assignment2-master/install/sr_interfaces/include/sr_interfaces/sr_interfaces/action/detail\n'}
[26.765687] (sr_interfaces) StdoutLine: {'line': b'-- Installing: /home/fintan/ME4857Assignment2-master/install/sr_interfaces/include/sr_interfaces/sr_interfaces/action/detail/navigate_to_waypoint__traits.hpp\n'}
[26.766040] (sr_interfaces) StdoutLine: {'line': b'-- Installing: /home/fintan/ME4857Assignment2-master/install/sr_interfaces/include/sr_interfaces/sr_interfaces/action/detail/navigate_to_waypoint__type_support.hpp\n'}
[26.766450] (sr_interfaces) StdoutLine: {'line': b'-- Installing: /home/fintan/ME4857Assignment2-master/install/sr_interfaces/include/sr_interfaces/sr_interfaces/action/detail/navigate_to_waypoint__builder.hpp\n'}
[26.766774] (sr_interfaces) StdoutLine: {'line': b'-- Installing: /home/fintan/ME4857Assignment2-master/install/sr_interfaces/include/sr_interfaces/sr_interfaces/action/detail/navigate_to_waypoint__struct.hpp\n'}
[26.767151] (sr_interfaces) StdoutLine: {'line': b'-- Installing: /home/fintan/ME4857Assignment2-master/install/sr_interfaces/include/sr_interfaces/sr_interfaces/action/navigate_to_waypoint.hpp\n'}
[26.767497] (sr_interfaces) StdoutLine: {'line': b'-- Up-to-date: /home/fintan/ME4857Assignment2-master/install/sr_interfaces/include/sr_interfaces/sr_interfaces\n'}
[26.767610] (sr_interfaces) StdoutLine: {'line': b'-- Up-to-date: /home/fintan/ME4857Assignment2-master/install/sr_interfaces/include/sr_interfaces/sr_interfaces/msg\n'}
[26.767742] (sr_interfaces) StdoutLine: {'line': b'-- Installing: /home/fintan/ME4857Assignment2-master/install/sr_interfaces/include/sr_interfaces/sr_interfaces/msg/rosidl_typesupport_fastrtps_cpp__visibility_control.h\n'}
[26.767852] (sr_interfaces) StdoutLine: {'line': b'-- Up-to-date: /home/fintan/ME4857Assignment2-master/install/sr_interfaces/include/sr_interfaces/sr_interfaces/action\n'}
[26.767987] (sr_interfaces) StdoutLine: {'line': b'-- Up-to-date: /home/fintan/ME4857Assignment2-master/install/sr_interfaces/include/sr_interfaces/sr_interfaces/action/detail\n'}
[26.768111] (sr_interfaces) StdoutLine: {'line': b'-- Installing: /home/fintan/ME4857Assignment2-master/install/sr_interfaces/include/sr_interfaces/sr_interfaces/action/detail/dds_fastrtps\n'}
[26.768268] (sr_interfaces) StdoutLine: {'line': b'-- Installing: /home/fintan/ME4857Assignment2-master/install/sr_interfaces/include/sr_interfaces/sr_interfaces/action/detail/navigate_to_waypoint__rosidl_typesupport_fastrtps_cpp.hpp\n'}
[26.768422] (sr_interfaces) StdoutLine: {'line': b'-- Installing: /home/fintan/ME4857Assignment2-master/install/sr_interfaces/lib/libsr_interfaces__rosidl_typesupport_fastrtps_cpp.so\n'}
[26.768791] (sr_interfaces) StdoutLine: {'line': b'-- Set non-toolchain portion of runtime path of "/home/fintan/ME4857Assignment2-master/install/sr_interfaces/lib/libsr_interfaces__rosidl_typesupport_fastrtps_cpp.so" to ""\n'}
[26.769089] (sr_interfaces) StdoutLine: {'line': b'-- Up-to-date: /home/fintan/ME4857Assignment2-master/install/sr_interfaces/include/sr_interfaces/sr_interfaces\n'}
[26.769374] (sr_interfaces) StdoutLine: {'line': b'-- Up-to-date: /home/fintan/ME4857Assignment2-master/install/sr_interfaces/include/sr_interfaces/sr_interfaces/action\n'}
[26.769497] (sr_interfaces) StdoutLine: {'line': b'-- Up-to-date: /home/fintan/ME4857Assignment2-master/install/sr_interfaces/include/sr_interfaces/sr_interfaces/action/detail\n'}
[26.769966] (sr_interfaces) StdoutLine: {'line': b'-- Installing: /home/fintan/ME4857Assignment2-master/install/sr_interfaces/include/sr_interfaces/sr_interfaces/action/detail/navigate_to_waypoint__rosidl_typesupport_introspection_cpp.hpp\n'}
[26.770261] (sr_interfaces) StdoutLine: {'line': b'-- Installing: /home/fintan/ME4857Assignment2-master/install/sr_interfaces/include/sr_interfaces/sr_interfaces/action/detail/navigate_to_waypoint__type_support.cpp\n'}
[26.770494] (sr_interfaces) StdoutLine: {'line': b'-- Installing: /home/fintan/ME4857Assignment2-master/install/sr_interfaces/lib/libsr_interfaces__rosidl_typesupport_introspection_cpp.so\n'}
[26.771998] (sr_interfaces) StdoutLine: {'line': b'-- Set non-toolchain portion of runtime path of "/home/fintan/ME4857Assignment2-master/install/sr_interfaces/lib/libsr_interfaces__rosidl_typesupport_introspection_cpp.so" to ""\n'}
[26.772259] (sr_interfaces) StdoutLine: {'line': b'-- Installing: /home/fintan/ME4857Assignment2-master/install/sr_interfaces/lib/libsr_interfaces__rosidl_typesupport_cpp.so\n'}
[26.773520] (sr_interfaces) StdoutLine: {'line': b'-- Set non-toolchain portion of runtime path of "/home/fintan/ME4857Assignment2-master/install/sr_interfaces/lib/libsr_interfaces__rosidl_typesupport_cpp.so" to ""\n'}
[26.773876] (sr_interfaces) StdoutLine: {'line': b'-- Installing: /home/fintan/ME4857Assignment2-master/install/sr_interfaces/share/sr_interfaces/environment/pythonpath.sh\n'}
[26.774308] (sr_interfaces) StdoutLine: {'line': b'-- Installing: /home/fintan/ME4857Assignment2-master/install/sr_interfaces/share/sr_interfaces/environment/pythonpath.dsv\n'}
[26.774712] (sr_interfaces) StdoutLine: {'line': b'-- Installing: /home/fintan/ME4857Assignment2-master/install/sr_interfaces/lib/python3.12/site-packages/sr_interfaces-1.0.0-py3.12.egg-info\n'}
[26.776377] (sr_interfaces) StdoutLine: {'line': b'-- Installing: /home/fintan/ME4857Assignment2-master/install/sr_interfaces/lib/python3.12/site-packages/sr_interfaces-1.0.0-py3.12.egg-info/SOURCES.txt\n'}
[26.776800] (sr_interfaces) StdoutLine: {'line': b'-- Installing: /home/fintan/ME4857Assignment2-master/install/sr_interfaces/lib/python3.12/site-packages/sr_interfaces-1.0.0-py3.12.egg-info/dependency_links.txt\n'}
[26.777202] (sr_interfaces) StdoutLine: {'line': b'-- Installing: /home/fintan/ME4857Assignment2-master/install/sr_interfaces/lib/python3.12/site-packages/sr_interfaces-1.0.0-py3.12.egg-info/PKG-INFO\n'}
[26.777545] (sr_interfaces) StdoutLine: {'line': b'-- Installing: /home/fintan/ME4857Assignment2-master/install/sr_interfaces/lib/python3.12/site-packages/sr_interfaces-1.0.0-py3.12.egg-info/top_level.txt\n'}
[26.777904] (sr_interfaces) StdoutLine: {'line': b'-- Installing: /home/fintan/ME4857Assignment2-master/install/sr_interfaces/lib/python3.12/site-packages/sr_interfaces\n'}
[26.778855] (sr_interfaces) StdoutLine: {'line': b'-- Installing: /home/fintan/ME4857Assignment2-master/install/sr_interfaces/lib/python3.12/site-packages/sr_interfaces/sr_interfaces_s__rosidl_typesupport_c.so\n'}
[26.779493] (sr_interfaces) StdoutLine: {'line': b'-- Installing: /home/fintan/ME4857Assignment2-master/install/sr_interfaces/lib/python3.12/site-packages/sr_interfaces/__init__.py\n'}
[26.779989] (sr_interfaces) StdoutLine: {'line': b'-- Installing: /home/fintan/ME4857Assignment2-master/install/sr_interfaces/lib/python3.12/site-packages/sr_interfaces/_sr_interfaces_s.ep.rosidl_typesupport_introspection_c.c\n'}
[26.780352] (sr_interfaces) StdoutLine: {'line': b'-- Installing: /home/fintan/ME4857Assignment2-master/install/sr_interfaces/lib/python3.12/site-packages/sr_interfaces/sr_interfaces_s__rosidl_typesupport_fastrtps_c.so\n'}
[26.780839] (sr_interfaces) StdoutLine: {'line': b'-- Installing: /home/fintan/ME4857Assignment2-master/install/sr_interfaces/lib/python3.12/site-packages/sr_interfaces/_sr_interfaces_s.ep.rosidl_typesupport_c.c\n'}
[26.781341] (sr_interfaces) StdoutLine: {'line': b'-- Installing: /home/fintan/ME4857Assignment2-master/install/sr_interfaces/lib/python3.12/site-packages/sr_interfaces/action\n'}
[26.782898] (sr_interfaces) StdoutLine: {'line': b'-- Installing: /home/fintan/ME4857Assignment2-master/install/sr_interfaces/lib/python3.12/site-packages/sr_interfaces/action/__init__.py\n'}
[26.783286] (sr_interfaces) StdoutLine: {'line': b'-- Installing: /home/fintan/ME4857Assignment2-master/install/sr_interfaces/lib/python3.12/site-packages/sr_interfaces/action/_navigate_to_waypoint_s.c\n'}
[26.783746] (sr_interfaces) StdoutLine: {'line': b'-- Installing: /home/fintan/ME4857Assignment2-master/install/sr_interfaces/lib/python3.12/site-packages/sr_interfaces/action/_navigate_to_waypoint.py\n'}
[26.784125] (sr_interfaces) StdoutLine: {'line': b'-- Installing: /home/fintan/ME4857Assignment2-master/install/sr_interfaces/lib/python3.12/site-packages/sr_interfaces/_sr_interfaces_s.ep.rosidl_typesupport_fastrtps_c.c\n'}
[26.784512] (sr_interfaces) StdoutLine: {'line': b'-- Installing: /home/fintan/ME4857Assignment2-master/install/sr_interfaces/lib/python3.12/site-packages/sr_interfaces/sr_interfaces_s__rosidl_typesupport_introspection_c.so\n'}
[26.788791] (-) TimerEvent: {}
[26.857585] (sr_interfaces) StdoutLine: {'line': b"Listing '/home/fintan/ME4857Assignment2-master/install/sr_interfaces/lib/python3.12/site-packages/sr_interfaces'...\n"}
[26.857939] (sr_interfaces) StdoutLine: {'line': b"Compiling '/home/fintan/ME4857Assignment2-master/install/sr_interfaces/lib/python3.12/site-packages/sr_interfaces/__init__.py'...\n"}
[26.858229] (sr_interfaces) StdoutLine: {'line': b"Listing '/home/fintan/ME4857Assignment2-master/install/sr_interfaces/lib/python3.12/site-packages/sr_interfaces/action'...\n"}
[26.858376] (sr_interfaces) StdoutLine: {'line': b"Compiling '/home/fintan/ME4857Assignment2-master/install/sr_interfaces/lib/python3.12/site-packages/sr_interfaces/action/__init__.py'...\n"}
[26.858574] (sr_interfaces) StdoutLine: {'line': b"Compiling '/home/fintan/ME4857Assignment2-master/install/sr_interfaces/lib/python3.12/site-packages/sr_interfaces/action/_navigate_to_waypoint.py'...\n"}
[26.866941] (sr_interfaces) StdoutLine: {'line': b'-- Installing: /home/fintan/ME4857Assignment2-master/install/sr_interfaces/lib/python3.12/site-packages/sr_interfaces/sr_interfaces_s__rosidl_typesupport_fastrtps_c.so\n'}
[26.867977] (sr_interfaces) StdoutLine: {'line': b'-- Set non-toolchain portion of runtime path of "/home/fintan/ME4857Assignment2-master/install/sr_interfaces/lib/python3.12/site-packages/sr_interfaces/sr_interfaces_s__rosidl_typesupport_fastrtps_c.so" to ""\n'}
[26.868422] (sr_interfaces) StdoutLine: {'line': b'-- Installing: /home/fintan/ME4857Assignment2-master/install/sr_interfaces/lib/python3.12/site-packages/sr_interfaces/sr_interfaces_s__rosidl_typesupport_introspection_c.so\n'}
[26.869262] (sr_interfaces) StdoutLine: {'line': b'-- Set non-toolchain portion of runtime path of "/home/fintan/ME4857Assignment2-master/install/sr_interfaces/lib/python3.12/site-packages/sr_interfaces/sr_interfaces_s__rosidl_typesupport_introspection_c.so" to ""\n'}
[26.869671] (sr_interfaces) StdoutLine: {'line': b'-- Installing: /home/fintan/ME4857Assignment2-master/install/sr_interfaces/lib/python3.12/site-packages/sr_interfaces/sr_interfaces_s__rosidl_typesupport_c.so\n'}
[26.870646] (sr_interfaces) StdoutLine: {'line': b'-- Set non-toolchain portion of runtime path of "/home/fintan/ME4857Assignment2-master/install/sr_interfaces/lib/python3.12/site-packages/sr_interfaces/sr_interfaces_s__rosidl_typesupport_c.so" to ""\n'}
[26.870928] (sr_interfaces) StdoutLine: {'line': b'-- Installing: /home/fintan/ME4857Assignment2-master/install/sr_interfaces/lib/libsr_interfaces__rosidl_generator_py.so\n'}
[26.871758] (sr_interfaces) StdoutLine: {'line': b'-- Set non-toolchain portion of runtime path of "/home/fintan/ME4857Assignment2-master/install/sr_interfaces/lib/libsr_interfaces__rosidl_generator_py.so" to ""\n'}
[26.872526] (sr_interfaces) StdoutLine: {'line': b'-- Installing: /home/fintan/ME4857Assignment2-master/install/sr_interfaces/share/ament_index/resource_index/rust_packages/sr_interfaces\n'}
[26.872894] (sr_interfaces) StdoutLine: {'line': b'-- Installing: /home/fintan/ME4857Assignment2-master/install/sr_interfaces/share/sr_interfaces/rust\n'}
[26.873227] (sr_interfaces) StdoutLine: {'line': b'-- Installing: /home/fintan/ME4857Assignment2-master/install/sr_interfaces/share/sr_interfaces/rust/src\n'}
[26.873682] (sr_interfaces) StdoutLine: {'line': b'-- Installing: /home/fintan/ME4857Assignment2-master/install/sr_interfaces/share/sr_interfaces/rust/src/action\n'}
[26.874301] (sr_interfaces) StdoutLine: {'line': b'-- Installing: /home/fintan/ME4857Assignment2-master/install/sr_interfaces/share/sr_interfaces/rust/src/action/rmw.rs\n'}
[26.874805] (sr_interfaces) StdoutLine: {'line': b'-- Installing: /home/fintan/ME4857Assignment2-master/install/sr_interfaces/share/sr_interfaces/rust/src/lib.rs\n'}
[26.875011] (sr_interfaces) StdoutLine: {'line': b'-- Installing: /home/fintan/ME4857Assignment2-master/install/sr_interfaces/share/sr_interfaces/rust/src/action.rs\n'}
[26.875446] (sr_interfaces) StdoutLine: {'line': b'-- Installing: /home/fintan/ME4857Assignment2-master/install/sr_interfaces/share/sr_interfaces/rust/Cargo.toml\n'}
[26.875735] (sr_interfaces) StdoutLine: {'line': b'-- Installing: /home/fintan/ME4857Assignment2-master/install/sr_interfaces/share/sr_interfaces/rust/build.rs\n'}
[26.876018] (sr_interfaces) StdoutLine: {'line': b'-- Installing: /home/fintan/ME4857Assignment2-master/install/sr_interfaces/share/sr_interfaces/action/NavigateToWaypoint.idl\n'}
[26.876314] (sr_interfaces) StdoutLine: {'line': b'-- Installing: /home/fintan/ME4857Assignment2-master/install/sr_interfaces/share/sr_interfaces/action/NavigateToWaypoint.action\n'}
[26.877168] (sr_interfaces) StdoutLine: {'line': b'-- Installing: /home/fintan/ME4857Assignment2-master/install/sr_interfaces/share/ament_index/resource_index/package_run_dependencies/sr_interfaces\n'}
[26.878047] (sr_interfaces) StdoutLine: {'line': b'-- Installing: /home/fintan/ME4857Assignment2-master/install/sr_interfaces/share/ament_index/resource_index/parent_prefix_path/sr_interfaces\n'}
[26.878496] (sr_interfaces) StdoutLine: {'line': b'-- Installing: /home/fintan/ME4857Assignment2-master/install/sr_interfaces/share/sr_interfaces/environment/ament_prefix_path.sh\n'}
[26.878904] (sr_interfaces) StdoutLine: {'line': b'-- Installing: /home/fintan/ME4857Assignment2-master/install/sr_interfaces/share/sr_interfaces/environment/ament_prefix_path.dsv\n'}
[26.879458] (sr_interfaces) StdoutLine: {'line': b'-- Installing: /home/fintan/ME4857Assignment2-master/install/sr_interfaces/share/sr_interfaces/environment/path.sh\n'}
[26.879889] (sr_interfaces) StdoutLine: {'line': b'-- Installing: /home/fintan/ME4857Assignment2-master/install/sr_interfaces/share/sr_interfaces/environment/path.dsv\n'}
[26.880177] (sr_interfaces) StdoutLine: {'line': b'-- Installing: /home/fintan/ME4857Assignment2-master/install/sr_interfaces/share/sr_interfaces/local_setup.bash\n'}
[26.880624] (sr_interfaces) StdoutLine: {'line': b'-- Installing: /home/fintan/ME4857Assignment2-master/install/sr_interfaces/share/sr_interfaces/local_setup.sh\n'}
[26.881110] (sr_interfaces) StdoutLine: {'line': b'-- Installing: /home/fintan/ME4857Assignment2-master/install/sr_interfaces/share/sr_interfaces/local_setup.zsh\n'}
[26.881575] (sr_interfaces) StdoutLine: {'line': b'-- Installing: /home/fintan/ME4857Assignment2-master/install/sr_interfaces/share/sr_interfaces/local_setup.dsv\n'}
[26.881758] (sr_interfaces) StdoutLine: {'line': b'-- Installing: /home/fintan/ME4857Assignment2-master/install/sr_interfaces/share/sr_interfaces/package.dsv\n'}
[26.882649] (sr_interfaces) StdoutLine: {'line': b'-- Installing: /home/fintan/ME4857Assignment2-master/install/sr_interfaces/share/ament_index/resource_index/packages/sr_interfaces\n'}
[26.883759] (sr_interfaces) StdoutLine: {'line': b'-- Installing: /home/fintan/ME4857Assignment2-master/install/sr_interfaces/share/sr_interfaces/cmake/export_sr_interfaces__rosidl_generator_cExport.cmake\n'}
[26.884240] (sr_interfaces) StdoutLine: {'line': b'-- Installing: /home/fintan/ME4857Assignment2-master/install/sr_interfaces/share/sr_interfaces/cmake/export_sr_interfaces__rosidl_generator_cExport-noconfig.cmake\n'}
[26.884686] (sr_interfaces) StdoutLine: {'line': b'-- Installing: /home/fintan/ME4857Assignment2-master/install/sr_interfaces/share/sr_interfaces/cmake/export_sr_interfaces__rosidl_typesupport_fastrtps_cExport.cmake\n'}
[26.885057] (sr_interfaces) StdoutLine: {'line': b'-- Installing: /home/fintan/ME4857Assignment2-master/install/sr_interfaces/share/sr_interfaces/cmake/export_sr_interfaces__rosidl_typesupport_fastrtps_cExport-noconfig.cmake\n'}
[26.886331] (sr_interfaces) StdoutLine: {'line': b'-- Installing: /home/fintan/ME4857Assignment2-master/install/sr_interfaces/share/sr_interfaces/cmake/sr_interfaces__rosidl_typesupport_introspection_cExport.cmake\n'}
[26.886810] (sr_interfaces) StdoutLine: {'line': b'-- Installing: /home/fintan/ME4857Assignment2-master/install/sr_interfaces/share/sr_interfaces/cmake/sr_interfaces__rosidl_typesupport_introspection_cExport-noconfig.cmake\n'}
[26.887515] (sr_interfaces) StdoutLine: {'line': b'-- Installing: /home/fintan/ME4857Assignment2-master/install/sr_interfaces/share/sr_interfaces/cmake/sr_interfaces__rosidl_typesupport_cExport.cmake\n'}
[26.887937] (sr_interfaces) StdoutLine: {'line': b'-- Installing: /home/fintan/ME4857Assignment2-master/install/sr_interfaces/share/sr_interfaces/cmake/sr_interfaces__rosidl_typesupport_cExport-noconfig.cmake\n'}
[26.888318] (sr_interfaces) StdoutLine: {'line': b'-- Installing: /home/fintan/ME4857Assignment2-master/install/sr_interfaces/share/sr_interfaces/cmake/export_sr_interfaces__rosidl_generator_cppExport.cmake\n'}
[26.888903] (-) TimerEvent: {}
[26.890064] (sr_interfaces) StdoutLine: {'line': b'-- Installing: /home/fintan/ME4857Assignment2-master/install/sr_interfaces/share/sr_interfaces/cmake/export_sr_interfaces__rosidl_typesupport_fastrtps_cppExport.cmake\n'}
[26.890318] (sr_interfaces) StdoutLine: {'line': b'-- Installing: /home/fintan/ME4857Assignment2-master/install/sr_interfaces/share/sr_interfaces/cmake/export_sr_interfaces__rosidl_typesupport_fastrtps_cppExport-noconfig.cmake\n'}
[26.890972] (sr_interfaces) StdoutLine: {'line': b'-- Installing: /home/fintan/ME4857Assignment2-master/install/sr_interfaces/share/sr_interfaces/cmake/sr_interfaces__rosidl_typesupport_introspection_cppExport.cmake\n'}
[26.891226] (sr_interfaces) StdoutLine: {'line': b'-- Installing: /home/fintan/ME4857Assignment2-master/install/sr_interfaces/share/sr_interfaces/cmake/sr_interfaces__rosidl_typesupport_introspection_cppExport-noconfig.cmake\n'}
[26.891328] (sr_interfaces) StdoutLine: {'line': b'-- Installing: /home/fintan/ME4857Assignment2-master/install/sr_interfaces/share/sr_interfaces/cmake/sr_interfaces__rosidl_typesupport_cppExport.cmake\n'}
[26.891657] (sr_interfaces) StdoutLine: {'line': b'-- Installing: /home/fintan/ME4857Assignment2-master/install/sr_interfaces/share/sr_interfaces/cmake/sr_interfaces__rosidl_typesupport_cppExport-noconfig.cmake\n'}
[26.892018] (sr_interfaces) StdoutLine: {'line': b'-- Installing: /home/fintan/ME4857Assignment2-master/install/sr_interfaces/share/sr_interfaces/cmake/export_sr_interfaces__rosidl_generator_pyExport.cmake\n'}
[26.892251] (sr_interfaces) StdoutLine: {'line': b'-- Installing: /home/fintan/ME4857Assignment2-master/install/sr_interfaces/share/sr_interfaces/cmake/export_sr_interfaces__rosidl_generator_pyExport-noconfig.cmake\n'}
[26.892546] (sr_interfaces) StdoutLine: {'line': b'-- Installing: /home/fintan/ME4857Assignment2-master/install/sr_interfaces/share/sr_interfaces/cmake/rosidl_cmake-extras.cmake\n'}
[26.892836] (sr_interfaces) StdoutLine: {'line': b'-- Installing: /home/fintan/ME4857Assignment2-master/install/sr_interfaces/share/sr_interfaces/cmake/ament_cmake_export_dependencies-extras.cmake\n'}
[26.893163] (sr_interfaces) StdoutLine: {'line': b'-- Installing: /home/fintan/ME4857Assignment2-master/install/sr_interfaces/share/sr_interfaces/cmake/ament_cmake_export_include_directories-extras.cmake\n'}
[26.893547] (sr_interfaces) StdoutLine: {'line': b'-- Installing: /home/fintan/ME4857Assignment2-master/install/sr_interfaces/share/sr_interfaces/cmake/ament_cmake_export_libraries-extras.cmake\n'}
[26.893824] (sr_interfaces) StdoutLine: {'line': b'-- Installing: /home/fintan/ME4857Assignment2-master/install/sr_interfaces/share/sr_interfaces/cmake/ament_cmake_export_targets-extras.cmake\n'}
[26.893923] (sr_interfaces) StdoutLine: {'line': b'-- Installing: /home/fintan/ME4857Assignment2-master/install/sr_interfaces/share/sr_interfaces/cmake/rosidl_cmake_export_typesupport_targets-extras.cmake\n'}
[26.894247] (sr_interfaces) StdoutLine: {'line': b'-- Installing: /home/fintan/ME4857Assignment2-master/install/sr_interfaces/share/sr_interfaces/cmake/rosidl_cmake_export_typesupport_libraries-extras.cmake\n'}
[26.894379] (sr_interfaces) StdoutLine: {'line': b'-- Installing: /home/fintan/ME4857Assignment2-master/install/sr_interfaces/share/sr_interfaces/cmake/sr_interfacesConfig.cmake\n'}
[26.894470] (sr_interfaces) StdoutLine: {'line': b'-- Installing: /home/fintan/ME4857Assignment2-master/install/sr_interfaces/share/sr_interfaces/cmake/sr_interfacesConfig-version.cmake\n'}
[26.894561] (sr_interfaces) StdoutLine: {'line': b'-- Installing: /home/fintan/ME4857Assignment2-master/install/sr_interfaces/share/sr_interfaces/package.xml\n'}
[26.898230] (sr_interfaces) CommandEnded: {'returncode': 0}
[26.936509] (sr_interfaces) JobEnded: {'identifier': 'sr_interfaces', 'rc': 0}
[26.938075] (bt) JobStarted: {'identifier': 'bt'}
[26.989098] (-) TimerEvent: {}
[27.089617] (-) TimerEvent: {}
[27.190045] (-) TimerEvent: {}
[27.266928] (bt) JobProgress: {'identifier': 'bt', 'progress': 'cmake'}
[27.272000] (bt) Command: {'cmd': ['/usr/bin/cmake', '/home/fintan/ME4857Assignment2-master/src/bt', '-DCMAKE_INSTALL_PREFIX=/home/fintan/ME4857Assignment2-master/install/bt'], 'cwd': '/home/fintan/ME4857Assignment2-master/build/bt', 'env': OrderedDict({'PYTHON_BASIC_REPL': '1', 'LESSOPEN': '| /usr/bin/lesspipe %s', 'GZ_SIM_RESOURCE_PATH': '/opt/ros/jazzy/share', 'USER': 'fintan', 'GZ_CONFIG_PATH': '/opt/ros/jazzy/opt/gz_sim_vendor/share/gz:/opt/ros/jazzy/opt/sdformat_vendor/share/gz:/opt/ros/jazzy/opt/gz_gui_vendor/share/gz:/opt/ros/jazzy/opt/gz_transport_vendor/share/gz:/opt/ros/jazzy/opt/gz_rendering_vendor/share/gz:/opt/ros/jazzy/opt/gz_plugin_vendor/share/gz:/opt/ros/jazzy/opt/gz_fuel_tools_vendor/share/gz:/opt/ros/jazzy/opt/gz_msgs_vendor/share/gz:/opt/ros/jazzy/opt/gz_common_vendor/share/gz', 'GIT_ASKPASS': '/home/fintan/.vscode-server/bin/034f571df509819cc10b0c8129f66ef77a542f0e/extensions/git/dist/askpass.sh', 'SHLVL': '2', 'LD_LIBRARY_PATH': '/home/fintan/ME4857Assignment2-master/install/sr_interfaces/lib:/opt/ros/jazzy/opt/gz_sim_vendor/lib:/opt/ros/jazzy/opt/gz_sensors_vendor/lib:/opt/ros/jazzy/opt/gz_physics_vendor/lib:/opt/ros/jazzy/opt/sdformat_vendor/lib:/opt/ros/jazzy/opt/rviz_ogre_vendor/lib:/opt/ros/jazzy/lib/x86_64-linux-gnu:/opt/ros/jazzy/opt/gz_gui_vendor/lib:/opt/ros/jazzy/opt/gz_transport_vendor/lib:/opt/ros/jazzy/opt/gz_rendering_vendor/lib:/opt/ros/jazzy/opt/gz_plugin_vendor/lib:/opt/ros/jazzy/opt/gz_fuel_tools_vendor/lib:/opt/ros/jazzy/opt/gz_msgs_vendor/lib:/opt/ros/jazzy/opt/gz_common_vendor/lib:/opt/ros/jazzy/opt/gz_math_vendor/lib:/opt/ros/jazzy/opt/gz_utils_vendor/lib:/opt/ros/jazzy/opt/gz_tools_vendor/lib:/opt/ros/jazzy/opt/gz_ogre_next_vendor/lib:/opt/ros/jazzy/opt/gz_dartsim_vendor/lib:/opt/ros/jazzy/opt/gz_cmake_vendor/lib:/opt/ros/jazzy/lib', 'HOME': '/home/fintan', 'TERM_PROGRAM_VERSION': '1.118.1', 'VSCODE_IPC_HOOK_CLI': '/run/user/1000/vscode-ipc-2ba379c7-4516-42f4-82f1-e99d6d20f8f5.sock', 'ROS_PYTHON_VERSION': '3', 'VSCODE_GIT_ASKPASS_MAIN': '/home/fintan/.vscode-server/bin/034f571df509819cc10b0c8129f66ef77a542f0e/extensions/git/dist/askpass-main.js', 'VSCODE_GIT_ASKPASS_NODE': '/home/fintan/.vscode-server/bin/034f571df509819cc10b0c8129f66ef77a542f0e/node', 'PYDEVD_DISABLE_FILE_VALIDATION': '1', 'BUNDLED_DEBUGPY_PATH': '/home/fintan/.vscode-server/extensions/ms-python.debugpy-2026.6.0-linux-x64/bundled/libs/debugpy', 'VSCODE_PYTHON_AUTOACTIVATE_GUARD': '1', 'DBUS_SESSION_BUS_ADDRESS': 'unix:path=/run/user/1000/bus', 'COLORTERM': 'truecolor', 'WSL_DISTRO_NAME': 'Ubuntu-24.04', 'WAYLAND_DISPLAY': 'wayland-0', 'ROS_DISTRO': 'jazzy', 'LOGNAME': 'fintan', 'NAME': 'Code', 'WSL_INTEROP': '/run/WSL/626_interop', 'PULSE_SERVER': 'unix:/mnt/wslg/PulseServer', '_': '/usr/bin/colcon', 'ROS_VERSION': '2', 'CLAUDE_CODE_SSE_PORT': '12561', 'TERM': 'xterm-256color', 'PATH': '/home/fintan/.vscode-server/bin/034f571df509819cc10b0c8129f66ef77a542f0e/bin/remote-cli:/opt/ros/jazzy/opt/gz_msgs_vendor/bin:/opt/ros/jazzy/opt/gz_tools_vendor/bin:/opt/ros/jazzy/opt/gz_ogre_next_vendor/bin:/opt/ros/jazzy/bin:/usr/local/sbin:/usr/local/bin:/usr/sbin:/usr/bin:/sbin:/bin:/usr/games:/usr/local/games:/usr/lib/wsl/lib:/mnt/c/Program Files/WindowsApps/MicrosoftCorporationII.WindowsSubsystemForLinux_2.6.3.0_x64__8wekyb3d8bbwe:/mnt/c/Program Files/Oculus/Support/oculus-runtime:/mnt/c/Program Files (x86)/NVIDIA Corporation/PhysX/Common:/mnt/c/WINDOWS/system32:/mnt/c/WINDOWS:/mnt/c/WINDOWS/System32/Wbem:/mnt/c/WINDOWS/System32/WindowsPowerShell/v1.0/:/mnt/c/WINDOWS/System32/OpenSSH/:/mnt/c/Program Files (x86)/Microsoft SQL Server/80/Tools/Binn/:/mnt/c/Program Files (x86)/IVI Foundation/VISA/WinNT/Bin/:/mnt/c/Program Files/IVI Foundation/VISA/Win64/Bin/:/mnt/c/Program Files (x86)/Microsoft SQL Server/110/Tools/Binn/:/mnt/c/Program Files (x86)/Microsoft SQL Server/110/DTS/Binn/:/mnt/c/Program Files (x86)/National Instruments/Shared/LabVIEW CLI:/mnt/c/Program Files (x86)/IVI Foundation/VISA/WinNT/Bin:/mnt/c/Program Files/MATLAB/R2024a/runtime/win64:/mnt/c/Program Files/MATLAB/R2024a/bin:/mnt/c/Program Files/dotnet/:/mnt/c/Program Files (x86)/Windows Kits/10/Windows Performance Toolkit/:/mnt/c/Program Files (x86)/Windows Kits/8.1/Windows Performance Toolkit/:/mnt/c/WINDOWS/system32:/mnt/c/WINDOWS:/mnt/c/WINDOWS/System32/Wbem:/mnt/c/WINDOWS/System32/WindowsPowerShell/v1.0/:/mnt/c/WINDOWS/System32/OpenSSH/:/mnt/c/Program Files/Git/cmd:/mnt/c/Users/finta/AppData/Local/Microsoft/WindowsApps:/mnt/c/Users/finta/.dotnet/tools:/mnt/c/Users/finta/AppData/Local/Programs/Microsoft VS Code/bin:/snap/bin:/home/fintan/.vscode-server/extensions/ms-python.debugpy-2026.6.0-linux-x64/bundled/scripts/noConfigScripts', 'XDG_RUNTIME_DIR': '/run/user/1000/', 'DISPLAY': ':0', 'VSCODE_DEBUGPY_ADAPTER_ENDPOINTS': '/home/fintan/.vscode-server/extensions/ms-python.debugpy-2026.6.0-linux-x64/.noConfigDebugAdapterEndpoints/endpoint-636eeb89a7caa7be.txt', 'LANG': 'en_US.UTF-8', 'PYTHONSTARTUP': '/home/fintan/.vscode-server/data/User/workspaceStorage/4725ec95605af0bd791a71f3d485e46e/ms-python.python/pythonrc.py', 'LS_COLORS': 'rs=0:di=01;34:ln=01;36:mh=00:pi=40;33:so=01;35:do=01;35:bd=40;33;01:cd=40;33;01:or=40;31;01:mi=00:su=37;41:sg=30;43:ca=00:tw=30;42:ow=34;42:st=37;44:ex=01;32:*.tar=01;31:*.tgz=01;31:*.arc=01;31:*.arj=01;31:*.taz=01;31:*.lha=01;31:*.lz4=01;31:*.lzh=01;31:*.lzma=01;31:*.tlz=01;31:*.txz=01;31:*.tzo=01;31:*.t7z=01;31:*.zip=01;31:*.z=01;31:*.dz=01;31:*.gz=01;31:*.lrz=01;31:*.lz=01;31:*.lzo=01;31:*.xz=01;31:*.zst=01;31:*.tzst=01;31:*.bz2=01;31:*.bz=01;31:*.tbz=01;31:*.tbz2=01;31:*.tz=01;31:*.deb=01;31:*.rpm=01;31:*.jar=01;31:*.war=01;31:*.ear=01;31:*.sar=01;31:*.rar=01;31:*.alz=01;31:*.ace=01;31:*.zoo=01;31:*.cpio=01;31:*.7z=01;31:*.rz=01;31:*.cab=01;31:*.wim=01;31:*.swm=01;31:*.dwm=01;31:*.esd=01;31:*.avif=01;35:*.jpg=01;35:*.jpeg=01;35:*.mjpg=01;35:*.mjpeg=01;35:*.gif=01;35:*.bmp=01;35:*.pbm=01;35:*.pgm=01;35:*.ppm=01;35:*.tga=01;35:*.xbm=01;35:*.xpm=01;35:*.tif=01;35:*.tiff=01;35:*.png=01;35:*.svg=01;35:*.svgz=01;35:*.mng=01;35:*.pcx=01;35:*.mov=01;35:*.mpg=01;35:*.mpeg=01;35:*.m2v=01;35:*.mkv=01;35:*.webm=01;35:*.webp=01;35:*.ogm=01;35:*.mp4=01;35:*.m4v=01;35:*.mp4v=01;35:*.vob=01;35:*.qt=01;35:*.nuv=01;35:*.wmv=01;35:*.asf=01;35:*.rm=01;35:*.rmvb=01;35:*.flc=01;35:*.avi=01;35:*.fli=01;35:*.flv=01;35:*.gl=01;35:*.dl=01;35:*.xcf=01;35:*.xwd=01;35:*.yuv=01;35:*.cgm=01;35:*.emf=01;35:*.ogv=01;35:*.ogx=01;35:*.aac=00;36:*.au=00;36:*.flac=00;36:*.m4a=00;36:*.mid=00;36:*.midi=00;36:*.mka=00;36:*.mp3=00;36:*.mpc=00;36:*.ogg=00;36:*.ra=00;36:*.wav=00;36:*.oga=00;36:*.opus=00;36:*.spx=00;36:*.xspf=00;36:*~=00;90:*#=00;90:*.bak=00;90:*.crdownload=00;90:*.dpkg-dist=00;90:*.dpkg-new=00;90:*.dpkg-old=00;90:*.dpkg-tmp=00;90:*.old=00;90:*.orig=00;90:*.part=00;90:*.rej=00;90:*.rpmnew=00;90:*.rpmorig=00;90:*.rpmsave=00;90:*.swp=00;90:*.tmp=00;90:*.ucf-dist=00;90:*.ucf-new=00;90:*.ucf-old=00;90:', 'VSCODE_GIT_IPC_HANDLE': '/run/user/1000/vscode-git-3ab7d89383.sock', 'TERM_PROGRAM': 'vscode', 'AMENT_PREFIX_PATH': '/home/fintan/ME4857Assignment2-master/install/sr_interfaces:/opt/ros/jazzy', 'SHELL': '/bin/bash', 'LESSCLOSE': '/usr/bin/lesspipe %s %s', 'ROS_AUTOMATIC_DISCOVERY_RANGE': 'SUBNET', 'VSCODE_GIT_ASKPASS_EXTRA_ARGS': '', 'PWD': '/home/fintan/ME4857Assignment2-master/build/bt', 'XDG_DATA_DIRS': '/usr/local/share:/usr/share:/var/lib/snapd/desktop', 'PYTHONPATH': '/home/fintan/ME4857Assignment2-master/install/sr_interfaces/lib/python3.12/site-packages:/opt/ros/jazzy/lib/python3.12/site-packages', 'COLCON': '1', 'WSL2_GUI_APPS_ENABLED': '1', 'HOSTTYPE': 'x86_64', 'CMAKE_PREFIX_PATH': '/home/fintan/ME4857Assignment2-master/install/sr_interfaces:/opt/ros/jazzy/opt/gz_sim_vendor:/opt/ros/jazzy/opt/gz_sensors_vendor:/opt/ros/jazzy/opt/gz_physics_vendor:/opt/ros/jazzy/opt/sdformat_vendor:/opt/ros/jazzy/opt/gz_gui_vendor:/opt/ros/jazzy/opt/gz_transport_vendor:/opt/ros/jazzy/opt/gz_rendering_vendor:/opt/ros/jazzy/opt/gz_plugin_vendor:/opt/ros/jazzy/opt/gz_fuel_tools_vendor:/opt/ros/jazzy/opt/gz_msgs_vendor:/opt/ros/jazzy/opt/gz_common_vendor:/opt/ros/jazzy/opt/gz_math_vendor:/opt/ros/jazzy/opt/gz_utils_vendor:/opt/ros/jazzy/opt/gz_tools_vendor:/opt/ros/jazzy/opt/gz_ogre_next_vendor:/opt/ros/jazzy/opt/gz_dartsim_vendor:/opt/ros/jazzy/opt/gz_cmake_vendor:/opt/ros/jazzy', 'WSLENV': 'ELECTRON_RUN_AS_NODE/w:'}), 'shell': False}
[27.290201] (-) TimerEvent: {}
[27.390692] (-) TimerEvent: {}
[27.491126] (-) TimerEvent: {}
[27.569203] (bt) StdoutLine: {'line': b'-- The C compiler identification is GNU 13.3.0\n'}
[27.591247] (-) TimerEvent: {}
[27.691689] (-) TimerEvent: {}
[27.792078] (-) TimerEvent: {}
[27.892522] (-) TimerEvent: {}
[27.993007] (-) TimerEvent: {}
[28.093421] (-) TimerEvent: {}
[28.193791] (-) TimerEvent: {}
[28.294444] (-) TimerEvent: {}
[28.395112] (-) TimerEvent: {}
[28.495531] (-) TimerEvent: {}
[28.596171] (-) TimerEvent: {}
[28.696647] (-) TimerEvent: {}
[28.797248] (-) TimerEvent: {}
[28.897765] (-) TimerEvent: {}
[28.904822] (bt) StdoutLine: {'line': b'-- The CXX compiler identification is GNU 13.3.0\n'}
[28.997836] (-) TimerEvent: {}
[29.098234] (-) TimerEvent: {}
[29.198614] (-) TimerEvent: {}
[29.298932] (-) TimerEvent: {}
[29.399356] (-) TimerEvent: {}
[29.499763] (-) TimerEvent: {}
[29.600281] (-) TimerEvent: {}
[29.700881] (-) TimerEvent: {}
[29.801273] (-) TimerEvent: {}
[29.901718] (-) TimerEvent: {}
[30.002056] (-) TimerEvent: {}
[30.102443] (-) TimerEvent: {}
[30.187314] (bt) StdoutLine: {'line': b'-- Detecting C compiler ABI info\n'}
[30.202614] (-) TimerEvent: {}
[30.303063] (-) TimerEvent: {}
[30.403575] (-) TimerEvent: {}
[30.504135] (-) TimerEvent: {}
[30.604568] (-) TimerEvent: {}
[30.704962] (-) TimerEvent: {}
[30.792430] (bt) StdoutLine: {'line': b'-- Detecting C compiler ABI info - done\n'}
[30.804708] (bt) StdoutLine: {'line': b'-- Check for working C compiler: /usr/bin/cc - skipped\n'}
[30.804991] (-) TimerEvent: {}
[30.805334] (bt) StdoutLine: {'line': b'-- Detecting C compile features\n'}
[30.805815] (bt) StdoutLine: {'line': b'-- Detecting C compile features - done\n'}
[30.905102] (-) TimerEvent: {}
[31.005550] (-) TimerEvent: {}
[31.012940] (bt) StdoutLine: {'line': b'-- Detecting CXX compiler ABI info\n'}
[31.105722] (-) TimerEvent: {}
[31.206334] (-) TimerEvent: {}
[31.306937] (-) TimerEvent: {}
[31.407693] (-) TimerEvent: {}
[31.508102] (-) TimerEvent: {}
[31.608537] (-) TimerEvent: {}
[31.624579] (bt) StdoutLine: {'line': b'-- Detecting CXX compiler ABI info - done\n'}
[31.648374] (bt) StdoutLine: {'line': b'-- Check for working CXX compiler: /usr/bin/c++ - skipped\n'}
[31.648993] (bt) StdoutLine: {'line': b'-- Detecting CXX compile features\n'}
[31.649884] (bt) StdoutLine: {'line': b'-- Detecting CXX compile features - done\n'}
[31.657616] (bt) StdoutLine: {'line': b'-- Found ament_cmake: 2.5.6 (/opt/ros/jazzy/share/ament_cmake/cmake)\n'}
[31.708650] (-) TimerEvent: {}
[31.809009] (-) TimerEvent: {}
[31.909434] (-) TimerEvent: {}
[31.911887] (bt) StdoutLine: {'line': b'-- Found Python3: /usr/bin/python3 (found version "3.12.3") found components: Interpreter \n'}
[32.009581] (-) TimerEvent: {}
[32.110109] (-) TimerEvent: {}
[32.210610] (-) TimerEvent: {}
[32.310978] (-) TimerEvent: {}
[32.411435] (-) TimerEvent: {}
[32.512006] (-) TimerEvent: {}
[32.579134] (bt) StdoutLine: {'line': b'-- Configuring done (5.3s)\n'}
[32.600954] (bt) StdoutLine: {'line': b'-- Generating done (0.0s)\n'}
[32.610646] (bt) StdoutLine: {'line': b'-- Build files have been written to: /home/fintan/ME4857Assignment2-master/build/bt\n'}
[32.612135] (-) TimerEvent: {}
[32.622693] (bt) CommandEnded: {'returncode': 0}
[32.625209] (bt) JobProgress: {'identifier': 'bt', 'progress': 'build'}
[32.625331] (bt) Command: {'cmd': ['/usr/bin/cmake', '--build', '/home/fintan/ME4857Assignment2-master/build/bt', '--', '-j12', '-l12'], 'cwd': '/home/fintan/ME4857Assignment2-master/build/bt', 'env': OrderedDict({'PYTHON_BASIC_REPL': '1', 'LESSOPEN': '| /usr/bin/lesspipe %s', 'GZ_SIM_RESOURCE_PATH': '/opt/ros/jazzy/share', 'USER': 'fintan', 'GZ_CONFIG_PATH': '/opt/ros/jazzy/opt/gz_sim_vendor/share/gz:/opt/ros/jazzy/opt/sdformat_vendor/share/gz:/opt/ros/jazzy/opt/gz_gui_vendor/share/gz:/opt/ros/jazzy/opt/gz_transport_vendor/share/gz:/opt/ros/jazzy/opt/gz_rendering_vendor/share/gz:/opt/ros/jazzy/opt/gz_plugin_vendor/share/gz:/opt/ros/jazzy/opt/gz_fuel_tools_vendor/share/gz:/opt/ros/jazzy/opt/gz_msgs_vendor/share/gz:/opt/ros/jazzy/opt/gz_common_vendor/share/gz', 'GIT_ASKPASS': '/home/fintan/.vscode-server/bin/034f571df509819cc10b0c8129f66ef77a542f0e/extensions/git/dist/askpass.sh', 'SHLVL': '2', 'LD_LIBRARY_PATH': '/home/fintan/ME4857Assignment2-master/install/sr_interfaces/lib:/opt/ros/jazzy/opt/gz_sim_vendor/lib:/opt/ros/jazzy/opt/gz_sensors_vendor/lib:/opt/ros/jazzy/opt/gz_physics_vendor/lib:/opt/ros/jazzy/opt/sdformat_vendor/lib:/opt/ros/jazzy/opt/rviz_ogre_vendor/lib:/opt/ros/jazzy/lib/x86_64-linux-gnu:/opt/ros/jazzy/opt/gz_gui_vendor/lib:/opt/ros/jazzy/opt/gz_transport_vendor/lib:/opt/ros/jazzy/opt/gz_rendering_vendor/lib:/opt/ros/jazzy/opt/gz_plugin_vendor/lib:/opt/ros/jazzy/opt/gz_fuel_tools_vendor/lib:/opt/ros/jazzy/opt/gz_msgs_vendor/lib:/opt/ros/jazzy/opt/gz_common_vendor/lib:/opt/ros/jazzy/opt/gz_math_vendor/lib:/opt/ros/jazzy/opt/gz_utils_vendor/lib:/opt/ros/jazzy/opt/gz_tools_vendor/lib:/opt/ros/jazzy/opt/gz_ogre_next_vendor/lib:/opt/ros/jazzy/opt/gz_dartsim_vendor/lib:/opt/ros/jazzy/opt/gz_cmake_vendor/lib:/opt/ros/jazzy/lib', 'HOME': '/home/fintan', 'TERM_PROGRAM_VERSION': '1.118.1', 'VSCODE_IPC_HOOK_CLI': '/run/user/1000/vscode-ipc-2ba379c7-4516-42f4-82f1-e99d6d20f8f5.sock', 'ROS_PYTHON_VERSION': '3', 'VSCODE_GIT_ASKPASS_MAIN': '/home/fintan/.vscode-server/bin/034f571df509819cc10b0c8129f66ef77a542f0e/extensions/git/dist/askpass-main.js', 'VSCODE_GIT_ASKPASS_NODE': '/home/fintan/.vscode-server/bin/034f571df509819cc10b0c8129f66ef77a542f0e/node', 'PYDEVD_DISABLE_FILE_VALIDATION': '1', 'BUNDLED_DEBUGPY_PATH': '/home/fintan/.vscode-server/extensions/ms-python.debugpy-2026.6.0-linux-x64/bundled/libs/debugpy', 'VSCODE_PYTHON_AUTOACTIVATE_GUARD': '1', 'DBUS_SESSION_BUS_ADDRESS': 'unix:path=/run/user/1000/bus', 'COLORTERM': 'truecolor', 'WSL_DISTRO_NAME': 'Ubuntu-24.04', 'WAYLAND_DISPLAY': 'wayland-0', 'ROS_DISTRO': 'jazzy', 'LOGNAME': 'fintan', 'NAME': 'Code', 'WSL_INTEROP': '/run/WSL/626_interop', 'PULSE_SERVER': 'unix:/mnt/wslg/PulseServer', '_': '/usr/bin/colcon', 'ROS_VERSION': '2', 'CLAUDE_CODE_SSE_PORT': '12561', 'TERM': 'xterm-256color', 'PATH': '/home/fintan/.vscode-server/bin/034f571df509819cc10b0c8129f66ef77a542f0e/bin/remote-cli:/opt/ros/jazzy/opt/gz_msgs_vendor/bin:/opt/ros/jazzy/opt/gz_tools_vendor/bin:/opt/ros/jazzy/opt/gz_ogre_next_vendor/bin:/opt/ros/jazzy/bin:/usr/local/sbin:/usr/local/bin:/usr/sbin:/usr/bin:/sbin:/bin:/usr/games:/usr/local/games:/usr/lib/wsl/lib:/mnt/c/Program Files/WindowsApps/MicrosoftCorporationII.WindowsSubsystemForLinux_2.6.3.0_x64__8wekyb3d8bbwe:/mnt/c/Program Files/Oculus/Support/oculus-runtime:/mnt/c/Program Files (x86)/NVIDIA Corporation/PhysX/Common:/mnt/c/WINDOWS/system32:/mnt/c/WINDOWS:/mnt/c/WINDOWS/System32/Wbem:/mnt/c/WINDOWS/System32/WindowsPowerShell/v1.0/:/mnt/c/WINDOWS/System32/OpenSSH/:/mnt/c/Program Files (x86)/Microsoft SQL Server/80/Tools/Binn/:/mnt/c/Program Files (x86)/IVI Foundation/VISA/WinNT/Bin/:/mnt/c/Program Files/IVI Foundation/VISA/Win64/Bin/:/mnt/c/Program Files (x86)/Microsoft SQL Server/110/Tools/Binn/:/mnt/c/Program Files (x86)/Microsoft SQL Server/110/DTS/Binn/:/mnt/c/Program Files (x86)/National Instruments/Shared/LabVIEW CLI:/mnt/c/Program Files (x86)/IVI Foundation/VISA/WinNT/Bin:/mnt/c/Program Files/MATLAB/R2024a/runtime/win64:/mnt/c/Program Files/MATLAB/R2024a/bin:/mnt/c/Program Files/dotnet/:/mnt/c/Program Files (x86)/Windows Kits/10/Windows Performance Toolkit/:/mnt/c/Program Files (x86)/Windows Kits/8.1/Windows Performance Toolkit/:/mnt/c/WINDOWS/system32:/mnt/c/WINDOWS:/mnt/c/WINDOWS/System32/Wbem:/mnt/c/WINDOWS/System32/WindowsPowerShell/v1.0/:/mnt/c/WINDOWS/System32/OpenSSH/:/mnt/c/Program Files/Git/cmd:/mnt/c/Users/finta/AppData/Local/Microsoft/WindowsApps:/mnt/c/Users/finta/.dotnet/tools:/mnt/c/Users/finta/AppData/Local/Programs/Microsoft VS Code/bin:/snap/bin:/home/fintan/.vscode-server/extensions/ms-python.debugpy-2026.6.0-linux-x64/bundled/scripts/noConfigScripts', 'XDG_RUNTIME_DIR': '/run/user/1000/', 'DISPLAY': ':0', 'VSCODE_DEBUGPY_ADAPTER_ENDPOINTS': '/home/fintan/.vscode-server/extensions/ms-python.debugpy-2026.6.0-linux-x64/.noConfigDebugAdapterEndpoints/endpoint-636eeb89a7caa7be.txt', 'LANG': 'en_US.UTF-8', 'PYTHONSTARTUP': '/home/fintan/.vscode-server/data/User/workspaceStorage/4725ec95605af0bd791a71f3d485e46e/ms-python.python/pythonrc.py', 'LS_COLORS': 'rs=0:di=01;34:ln=01;36:mh=00:pi=40;33:so=01;35:do=01;35:bd=40;33;01:cd=40;33;01:or=40;31;01:mi=00:su=37;41:sg=30;43:ca=00:tw=30;42:ow=34;42:st=37;44:ex=01;32:*.tar=01;31:*.tgz=01;31:*.arc=01;31:*.arj=01;31:*.taz=01;31:*.lha=01;31:*.lz4=01;31:*.lzh=01;31:*.lzma=01;31:*.tlz=01;31:*.txz=01;31:*.tzo=01;31:*.t7z=01;31:*.zip=01;31:*.z=01;31:*.dz=01;31:*.gz=01;31:*.lrz=01;31:*.lz=01;31:*.lzo=01;31:*.xz=01;31:*.zst=01;31:*.tzst=01;31:*.bz2=01;31:*.bz=01;31:*.tbz=01;31:*.tbz2=01;31:*.tz=01;31:*.deb=01;31:*.rpm=01;31:*.jar=01;31:*.war=01;31:*.ear=01;31:*.sar=01;31:*.rar=01;31:*.alz=01;31:*.ace=01;31:*.zoo=01;31:*.cpio=01;31:*.7z=01;31:*.rz=01;31:*.cab=01;31:*.wim=01;31:*.swm=01;31:*.dwm=01;31:*.esd=01;31:*.avif=01;35:*.jpg=01;35:*.jpeg=01;35:*.mjpg=01;35:*.mjpeg=01;35:*.gif=01;35:*.bmp=01;35:*.pbm=01;35:*.pgm=01;35:*.ppm=01;35:*.tga=01;35:*.xbm=01;35:*.xpm=01;35:*.tif=01;35:*.tiff=01;35:*.png=01;35:*.svg=01;35:*.svgz=01;35:*.mng=01;35:*.pcx=01;35:*.mov=01;35:*.mpg=01;35:*.mpeg=01;35:*.m2v=01;35:*.mkv=01;35:*.webm=01;35:*.webp=01;35:*.ogm=01;35:*.mp4=01;35:*.m4v=01;35:*.mp4v=01;35:*.vob=01;35:*.qt=01;35:*.nuv=01;35:*.wmv=01;35:*.asf=01;35:*.rm=01;35:*.rmvb=01;35:*.flc=01;35:*.avi=01;35:*.fli=01;35:*.flv=01;35:*.gl=01;35:*.dl=01;35:*.xcf=01;35:*.xwd=01;35:*.yuv=01;35:*.cgm=01;35:*.emf=01;35:*.ogv=01;35:*.ogx=01;35:*.aac=00;36:*.au=00;36:*.flac=00;36:*.m4a=00;36:*.mid=00;36:*.midi=00;36:*.mka=00;36:*.mp3=00;36:*.mpc=00;36:*.ogg=00;36:*.ra=00;36:*.wav=00;36:*.oga=00;36:*.opus=00;36:*.spx=00;36:*.xspf=00;36:*~=00;90:*#=00;90:*.bak=00;90:*.crdownload=00;90:*.dpkg-dist=00;90:*.dpkg-new=00;90:*.dpkg-old=00;90:*.dpkg-tmp=00;90:*.old=00;90:*.orig=00;90:*.part=00;90:*.rej=00;90:*.rpmnew=00;90:*.rpmorig=00;90:*.rpmsave=00;90:*.swp=00;90:*.tmp=00;90:*.ucf-dist=00;90:*.ucf-new=00;90:*.ucf-old=00;90:', 'VSCODE_GIT_IPC_HANDLE': '/run/user/1000/vscode-git-3ab7d89383.sock', 'TERM_PROGRAM': 'vscode', 'AMENT_PREFIX_PATH': '/home/fintan/ME4857Assignment2-master/install/sr_interfaces:/opt/ros/jazzy', 'SHELL': '/bin/bash', 'LESSCLOSE': '/usr/bin/lesspipe %s %s', 'ROS_AUTOMATIC_DISCOVERY_RANGE': 'SUBNET', 'VSCODE_GIT_ASKPASS_EXTRA_ARGS': '', 'PWD': '/home/fintan/ME4857Assignment2-master/build/bt', 'XDG_DATA_DIRS': '/usr/local/share:/usr/share:/var/lib/snapd/desktop', 'PYTHONPATH': '/home/fintan/ME4857Assignment2-master/install/sr_interfaces/lib/python3.12/site-packages:/opt/ros/jazzy/lib/python3.12/site-packages', 'COLCON': '1', 'WSL2_GUI_APPS_ENABLED': '1', 'HOSTTYPE': 'x86_64', 'CMAKE_PREFIX_PATH': '/home/fintan/ME4857Assignment2-master/install/sr_interfaces:/opt/ros/jazzy/opt/gz_sim_vendor:/opt/ros/jazzy/opt/gz_sensors_vendor:/opt/ros/jazzy/opt/gz_physics_vendor:/opt/ros/jazzy/opt/sdformat_vendor:/opt/ros/jazzy/opt/gz_gui_vendor:/opt/ros/jazzy/opt/gz_transport_vendor:/opt/ros/jazzy/opt/gz_rendering_vendor:/opt/ros/jazzy/opt/gz_plugin_vendor:/opt/ros/jazzy/opt/gz_fuel_tools_vendor:/opt/ros/jazzy/opt/gz_msgs_vendor:/opt/ros/jazzy/opt/gz_common_vendor:/opt/ros/jazzy/opt/gz_math_vendor:/opt/ros/jazzy/opt/gz_utils_vendor:/opt/ros/jazzy/opt/gz_tools_vendor:/opt/ros/jazzy/opt/gz_ogre_next_vendor:/opt/ros/jazzy/opt/gz_dartsim_vendor:/opt/ros/jazzy/opt/gz_cmake_vendor:/opt/ros/jazzy', 'WSLENV': 'ELECTRON_RUN_AS_NODE/w:'}), 'shell': False}
[32.712234] (-) TimerEvent: {}
[32.743934] (bt) StdoutLine: {'line': b'Built target ament_cmake_python_copy_bt_nodes\n'}
[32.812299] (-) TimerEvent: {}
[32.912647] (-) TimerEvent: {}
[33.012966] (-) TimerEvent: {}
[33.113456] (-) TimerEvent: {}
[33.123586] (bt) StdoutLine: {'line': b'running egg_info\n'}
[33.125391] (bt) StdoutLine: {'line': b'creating bt_nodes.egg-info\n'}
[33.175723] (bt) StdoutLine: {'line': b'writing bt_nodes.egg-info/PKG-INFO\n'}
[33.176261] (bt) StdoutLine: {'line': b'writing dependency_links to bt_nodes.egg-info/dependency_links.txt\n'}
[33.176960] (bt) StdoutLine: {'line': b'writing top-level names to bt_nodes.egg-info/top_level.txt\n'}
[33.177275] (bt) StdoutLine: {'line': b"writing manifest file 'bt_nodes.egg-info/SOURCES.txt'\n"}
[33.213611] (-) TimerEvent: {}
[33.280496] (bt) StdoutLine: {'line': b"reading manifest file 'bt_nodes.egg-info/SOURCES.txt'\n"}
[33.281168] (bt) StdoutLine: {'line': b"writing manifest file 'bt_nodes.egg-info/SOURCES.txt'\n"}
[33.313842] (-) TimerEvent: {}
[33.343411] (bt) StdoutLine: {'line': b'Built target ament_cmake_python_build_bt_nodes_egg\n'}
[33.367911] (bt) CommandEnded: {'returncode': 0}
[33.370265] (bt) JobProgress: {'identifier': 'bt', 'progress': 'install'}
[33.371055] (bt) Command: {'cmd': ['/usr/bin/cmake', '--install', '/home/fintan/ME4857Assignment2-master/build/bt'], 'cwd': '/home/fintan/ME4857Assignment2-master/build/bt', 'env': OrderedDict({'PYTHON_BASIC_REPL': '1', 'LESSOPEN': '| /usr/bin/lesspipe %s', 'GZ_SIM_RESOURCE_PATH': '/opt/ros/jazzy/share', 'USER': 'fintan', 'GZ_CONFIG_PATH': '/opt/ros/jazzy/opt/gz_sim_vendor/share/gz:/opt/ros/jazzy/opt/sdformat_vendor/share/gz:/opt/ros/jazzy/opt/gz_gui_vendor/share/gz:/opt/ros/jazzy/opt/gz_transport_vendor/share/gz:/opt/ros/jazzy/opt/gz_rendering_vendor/share/gz:/opt/ros/jazzy/opt/gz_plugin_vendor/share/gz:/opt/ros/jazzy/opt/gz_fuel_tools_vendor/share/gz:/opt/ros/jazzy/opt/gz_msgs_vendor/share/gz:/opt/ros/jazzy/opt/gz_common_vendor/share/gz', 'GIT_ASKPASS': '/home/fintan/.vscode-server/bin/034f571df509819cc10b0c8129f66ef77a542f0e/extensions/git/dist/askpass.sh', 'SHLVL': '2', 'LD_LIBRARY_PATH': '/home/fintan/ME4857Assignment2-master/install/sr_interfaces/lib:/opt/ros/jazzy/opt/gz_sim_vendor/lib:/opt/ros/jazzy/opt/gz_sensors_vendor/lib:/opt/ros/jazzy/opt/gz_physics_vendor/lib:/opt/ros/jazzy/opt/sdformat_vendor/lib:/opt/ros/jazzy/opt/rviz_ogre_vendor/lib:/opt/ros/jazzy/lib/x86_64-linux-gnu:/opt/ros/jazzy/opt/gz_gui_vendor/lib:/opt/ros/jazzy/opt/gz_transport_vendor/lib:/opt/ros/jazzy/opt/gz_rendering_vendor/lib:/opt/ros/jazzy/opt/gz_plugin_vendor/lib:/opt/ros/jazzy/opt/gz_fuel_tools_vendor/lib:/opt/ros/jazzy/opt/gz_msgs_vendor/lib:/opt/ros/jazzy/opt/gz_common_vendor/lib:/opt/ros/jazzy/opt/gz_math_vendor/lib:/opt/ros/jazzy/opt/gz_utils_vendor/lib:/opt/ros/jazzy/opt/gz_tools_vendor/lib:/opt/ros/jazzy/opt/gz_ogre_next_vendor/lib:/opt/ros/jazzy/opt/gz_dartsim_vendor/lib:/opt/ros/jazzy/opt/gz_cmake_vendor/lib:/opt/ros/jazzy/lib', 'HOME': '/home/fintan', 'TERM_PROGRAM_VERSION': '1.118.1', 'VSCODE_IPC_HOOK_CLI': '/run/user/1000/vscode-ipc-2ba379c7-4516-42f4-82f1-e99d6d20f8f5.sock', 'ROS_PYTHON_VERSION': '3', 'VSCODE_GIT_ASKPASS_MAIN': '/home/fintan/.vscode-server/bin/034f571df509819cc10b0c8129f66ef77a542f0e/extensions/git/dist/askpass-main.js', 'VSCODE_GIT_ASKPASS_NODE': '/home/fintan/.vscode-server/bin/034f571df509819cc10b0c8129f66ef77a542f0e/node', 'PYDEVD_DISABLE_FILE_VALIDATION': '1', 'BUNDLED_DEBUGPY_PATH': '/home/fintan/.vscode-server/extensions/ms-python.debugpy-2026.6.0-linux-x64/bundled/libs/debugpy', 'VSCODE_PYTHON_AUTOACTIVATE_GUARD': '1', 'DBUS_SESSION_BUS_ADDRESS': 'unix:path=/run/user/1000/bus', 'COLORTERM': 'truecolor', 'WSL_DISTRO_NAME': 'Ubuntu-24.04', 'WAYLAND_DISPLAY': 'wayland-0', 'ROS_DISTRO': 'jazzy', 'LOGNAME': 'fintan', 'NAME': 'Code', 'WSL_INTEROP': '/run/WSL/626_interop', 'PULSE_SERVER': 'unix:/mnt/wslg/PulseServer', '_': '/usr/bin/colcon', 'ROS_VERSION': '2', 'CLAUDE_CODE_SSE_PORT': '12561', 'TERM': 'xterm-256color', 'PATH': '/home/fintan/.vscode-server/bin/034f571df509819cc10b0c8129f66ef77a542f0e/bin/remote-cli:/opt/ros/jazzy/opt/gz_msgs_vendor/bin:/opt/ros/jazzy/opt/gz_tools_vendor/bin:/opt/ros/jazzy/opt/gz_ogre_next_vendor/bin:/opt/ros/jazzy/bin:/usr/local/sbin:/usr/local/bin:/usr/sbin:/usr/bin:/sbin:/bin:/usr/games:/usr/local/games:/usr/lib/wsl/lib:/mnt/c/Program Files/WindowsApps/MicrosoftCorporationII.WindowsSubsystemForLinux_2.6.3.0_x64__8wekyb3d8bbwe:/mnt/c/Program Files/Oculus/Support/oculus-runtime:/mnt/c/Program Files (x86)/NVIDIA Corporation/PhysX/Common:/mnt/c/WINDOWS/system32:/mnt/c/WINDOWS:/mnt/c/WINDOWS/System32/Wbem:/mnt/c/WINDOWS/System32/WindowsPowerShell/v1.0/:/mnt/c/WINDOWS/System32/OpenSSH/:/mnt/c/Program Files (x86)/Microsoft SQL Server/80/Tools/Binn/:/mnt/c/Program Files (x86)/IVI Foundation/VISA/WinNT/Bin/:/mnt/c/Program Files/IVI Foundation/VISA/Win64/Bin/:/mnt/c/Program Files (x86)/Microsoft SQL Server/110/Tools/Binn/:/mnt/c/Program Files (x86)/Microsoft SQL Server/110/DTS/Binn/:/mnt/c/Program Files (x86)/National Instruments/Shared/LabVIEW CLI:/mnt/c/Program Files (x86)/IVI Foundation/VISA/WinNT/Bin:/mnt/c/Program Files/MATLAB/R2024a/runtime/win64:/mnt/c/Program Files/MATLAB/R2024a/bin:/mnt/c/Program Files/dotnet/:/mnt/c/Program Files (x86)/Windows Kits/10/Windows Performance Toolkit/:/mnt/c/Program Files (x86)/Windows Kits/8.1/Windows Performance Toolkit/:/mnt/c/WINDOWS/system32:/mnt/c/WINDOWS:/mnt/c/WINDOWS/System32/Wbem:/mnt/c/WINDOWS/System32/WindowsPowerShell/v1.0/:/mnt/c/WINDOWS/System32/OpenSSH/:/mnt/c/Program Files/Git/cmd:/mnt/c/Users/finta/AppData/Local/Microsoft/WindowsApps:/mnt/c/Users/finta/.dotnet/tools:/mnt/c/Users/finta/AppData/Local/Programs/Microsoft VS Code/bin:/snap/bin:/home/fintan/.vscode-server/extensions/ms-python.debugpy-2026.6.0-linux-x64/bundled/scripts/noConfigScripts', 'XDG_RUNTIME_DIR': '/run/user/1000/', 'DISPLAY': ':0', 'VSCODE_DEBUGPY_ADAPTER_ENDPOINTS': '/home/fintan/.vscode-server/extensions/ms-python.debugpy-2026.6.0-linux-x64/.noConfigDebugAdapterEndpoints/endpoint-636eeb89a7caa7be.txt', 'LANG': 'en_US.UTF-8', 'PYTHONSTARTUP': '/home/fintan/.vscode-server/data/User/workspaceStorage/4725ec95605af0bd791a71f3d485e46e/ms-python.python/pythonrc.py', 'LS_COLORS': 'rs=0:di=01;34:ln=01;36:mh=00:pi=40;33:so=01;35:do=01;35:bd=40;33;01:cd=40;33;01:or=40;31;01:mi=00:su=37;41:sg=30;43:ca=00:tw=30;42:ow=34;42:st=37;44:ex=01;32:*.tar=01;31:*.tgz=01;31:*.arc=01;31:*.arj=01;31:*.taz=01;31:*.lha=01;31:*.lz4=01;31:*.lzh=01;31:*.lzma=01;31:*.tlz=01;31:*.txz=01;31:*.tzo=01;31:*.t7z=01;31:*.zip=01;31:*.z=01;31:*.dz=01;31:*.gz=01;31:*.lrz=01;31:*.lz=01;31:*.lzo=01;31:*.xz=01;31:*.zst=01;31:*.tzst=01;31:*.bz2=01;31:*.bz=01;31:*.tbz=01;31:*.tbz2=01;31:*.tz=01;31:*.deb=01;31:*.rpm=01;31:*.jar=01;31:*.war=01;31:*.ear=01;31:*.sar=01;31:*.rar=01;31:*.alz=01;31:*.ace=01;31:*.zoo=01;31:*.cpio=01;31:*.7z=01;31:*.rz=01;31:*.cab=01;31:*.wim=01;31:*.swm=01;31:*.dwm=01;31:*.esd=01;31:*.avif=01;35:*.jpg=01;35:*.jpeg=01;35:*.mjpg=01;35:*.mjpeg=01;35:*.gif=01;35:*.bmp=01;35:*.pbm=01;35:*.pgm=01;35:*.ppm=01;35:*.tga=01;35:*.xbm=01;35:*.xpm=01;35:*.tif=01;35:*.tiff=01;35:*.png=01;35:*.svg=01;35:*.svgz=01;35:*.mng=01;35:*.pcx=01;35:*.mov=01;35:*.mpg=01;35:*.mpeg=01;35:*.m2v=01;35:*.mkv=01;35:*.webm=01;35:*.webp=01;35:*.ogm=01;35:*.mp4=01;35:*.m4v=01;35:*.mp4v=01;35:*.vob=01;35:*.qt=01;35:*.nuv=01;35:*.wmv=01;35:*.asf=01;35:*.rm=01;35:*.rmvb=01;35:*.flc=01;35:*.avi=01;35:*.fli=01;35:*.flv=01;35:*.gl=01;35:*.dl=01;35:*.xcf=01;35:*.xwd=01;35:*.yuv=01;35:*.cgm=01;35:*.emf=01;35:*.ogv=01;35:*.ogx=01;35:*.aac=00;36:*.au=00;36:*.flac=00;36:*.m4a=00;36:*.mid=00;36:*.midi=00;36:*.mka=00;36:*.mp3=00;36:*.mpc=00;36:*.ogg=00;36:*.ra=00;36:*.wav=00;36:*.oga=00;36:*.opus=00;36:*.spx=00;36:*.xspf=00;36:*~=00;90:*#=00;90:*.bak=00;90:*.crdownload=00;90:*.dpkg-dist=00;90:*.dpkg-new=00;90:*.dpkg-old=00;90:*.dpkg-tmp=00;90:*.old=00;90:*.orig=00;90:*.part=00;90:*.rej=00;90:*.rpmnew=00;90:*.rpmorig=00;90:*.rpmsave=00;90:*.swp=00;90:*.tmp=00;90:*.ucf-dist=00;90:*.ucf-new=00;90:*.ucf-old=00;90:', 'VSCODE_GIT_IPC_HANDLE': '/run/user/1000/vscode-git-3ab7d89383.sock', 'TERM_PROGRAM': 'vscode', 'AMENT_PREFIX_PATH': '/home/fintan/ME4857Assignment2-master/install/sr_interfaces:/opt/ros/jazzy', 'SHELL': '/bin/bash', 'LESSCLOSE': '/usr/bin/lesspipe %s %s', 'ROS_AUTOMATIC_DISCOVERY_RANGE': 'SUBNET', 'VSCODE_GIT_ASKPASS_EXTRA_ARGS': '', 'PWD': '/home/fintan/ME4857Assignment2-master/build/bt', 'XDG_DATA_DIRS': '/usr/local/share:/usr/share:/var/lib/snapd/desktop', 'PYTHONPATH': '/home/fintan/ME4857Assignment2-master/install/sr_interfaces/lib/python3.12/site-packages:/opt/ros/jazzy/lib/python3.12/site-packages', 'COLCON': '1', 'WSL2_GUI_APPS_ENABLED': '1', 'HOSTTYPE': 'x86_64', 'CMAKE_PREFIX_PATH': '/home/fintan/ME4857Assignment2-master/install/sr_interfaces:/opt/ros/jazzy/opt/gz_sim_vendor:/opt/ros/jazzy/opt/gz_sensors_vendor:/opt/ros/jazzy/opt/gz_physics_vendor:/opt/ros/jazzy/opt/sdformat_vendor:/opt/ros/jazzy/opt/gz_gui_vendor:/opt/ros/jazzy/opt/gz_transport_vendor:/opt/ros/jazzy/opt/gz_rendering_vendor:/opt/ros/jazzy/opt/gz_plugin_vendor:/opt/ros/jazzy/opt/gz_fuel_tools_vendor:/opt/ros/jazzy/opt/gz_msgs_vendor:/opt/ros/jazzy/opt/gz_common_vendor:/opt/ros/jazzy/opt/gz_math_vendor:/opt/ros/jazzy/opt/gz_utils_vendor:/opt/ros/jazzy/opt/gz_tools_vendor:/opt/ros/jazzy/opt/gz_ogre_next_vendor:/opt/ros/jazzy/opt/gz_dartsim_vendor:/opt/ros/jazzy/opt/gz_cmake_vendor:/opt/ros/jazzy', 'WSLENV': 'ELECTRON_RUN_AS_NODE/w:'}), 'shell': False}
[33.394047] (bt) StdoutLine: {'line': b'-- Install configuration: ""\n'}
[33.395775] (bt) StdoutLine: {'line': b'-- Installing: /home/fintan/ME4857Assignment2-master/install/bt/share/bt/environment/pythonpath.sh\n'}
[33.396373] (bt) StdoutLine: {'line': b'-- Installing: /home/fintan/ME4857Assignment2-master/install/bt/share/bt/environment/pythonpath.dsv\n'}
[33.396779] (bt) StdoutLine: {'line': b'-- Installing: /home/fintan/ME4857Assignment2-master/install/bt/lib/python3.12/site-packages/bt_nodes-1.0.0-py3.12.egg-info\n'}
[33.400284] (bt) StdoutLine: {'line': b'-- Installing: /home/fintan/ME4857Assignment2-master/install/bt/lib/python3.12/site-packages/bt_nodes-1.0.0-py3.12.egg-info/SOURCES.txt\n'}
[33.400772] (bt) StdoutLine: {'line': b'-- Installing: /home/fintan/ME4857Assignment2-master/install/bt/lib/python3.12/site-packages/bt_nodes-1.0.0-py3.12.egg-info/dependency_links.txt\n'}
[33.401463] (bt) StdoutLine: {'line': b'-- Installing: /home/fintan/ME4857Assignment2-master/install/bt/lib/python3.12/site-packages/bt_nodes-1.0.0-py3.12.egg-info/PKG-INFO\n'}
[33.402221] (bt) StdoutLine: {'line': b'-- Installing: /home/fintan/ME4857Assignment2-master/install/bt/lib/python3.12/site-packages/bt_nodes-1.0.0-py3.12.egg-info/top_level.txt\n'}
[33.402455] (bt) StdoutLine: {'line': b'-- Installing: /home/fintan/ME4857Assignment2-master/install/bt/lib/python3.12/site-packages/bt_nodes\n'}
[33.402841] (bt) StdoutLine: {'line': b'-- Installing: /home/fintan/ME4857Assignment2-master/install/bt/lib/python3.12/site-packages/bt_nodes/__init__.py\n'}
[33.403324] (bt) StdoutLine: {'line': b'-- Installing: /home/fintan/ME4857Assignment2-master/install/bt/lib/python3.12/site-packages/bt_nodes/cmd_vel_converter.py\n'}
[33.403759] (bt) StdoutLine: {'line': b'-- Installing: /home/fintan/ME4857Assignment2-master/install/bt/lib/python3.12/site-packages/bt_nodes/fire_safety.py\n'}
[33.403907] (bt) StdoutLine: {'line': b'-- Installing: /home/fintan/ME4857Assignment2-master/install/bt/lib/python3.12/site-packages/bt_nodes/tf_publisher.py\n'}
[33.404243] (bt) StdoutLine: {'line': b'-- Installing: /home/fintan/ME4857Assignment2-master/install/bt/lib/python3.12/site-packages/bt_nodes/bt_runner.py\n'}
[33.404573] (bt) StdoutLine: {'line': b'-- Installing: /home/fintan/ME4857Assignment2-master/install/bt/lib/python3.12/site-packages/bt_nodes/battery_monitor.py\n'}
[33.405047] (bt) StdoutLine: {'line': b'-- Installing: /home/fintan/ME4857Assignment2-master/install/bt/lib/python3.12/site-packages/bt_nodes/camera_colour_detector.py\n'}
[33.405426] (bt) StdoutLine: {'line': b'-- Installing: /home/fintan/ME4857Assignment2-master/install/bt/lib/python3.12/site-packages/bt_nodes/navigate_to_server.py\n'}
[33.405702] (bt) StdoutLine: {'line': b'-- Installing: /home/fintan/ME4857Assignment2-master/install/bt/lib/python3.12/site-packages/bt_nodes/obstacle_monitor.py\n'}
[33.414101] (-) TimerEvent: {}
[33.498289] (bt) StdoutLine: {'line': b"Listing '/home/fintan/ME4857Assignment2-master/install/bt/lib/python3.12/site-packages/bt_nodes'...\n"}
[33.498859] (bt) StdoutLine: {'line': b"Compiling '/home/fintan/ME4857Assignment2-master/install/bt/lib/python3.12/site-packages/bt_nodes/__init__.py'...\n"}
[33.499085] (bt) StdoutLine: {'line': b"Compiling '/home/fintan/ME4857Assignment2-master/install/bt/lib/python3.12/site-packages/bt_nodes/battery_monitor.py'...\n"}
[33.499649] (bt) StdoutLine: {'line': b"Compiling '/home/fintan/ME4857Assignment2-master/install/bt/lib/python3.12/site-packages/bt_nodes/bt_runner.py'...\n"}
[33.499895] (bt) StdoutLine: {'line': b"Compiling '/home/fintan/ME4857Assignment2-master/install/bt/lib/python3.12/site-packages/bt_nodes/camera_colour_detector.py'...\n"}
[33.500075] (bt) StdoutLine: {'line': b"Compiling '/home/fintan/ME4857Assignment2-master/install/bt/lib/python3.12/site-packages/bt_nodes/cmd_vel_converter.py'...\n"}
[33.500250] (bt) StdoutLine: {'line': b"Compiling '/home/fintan/ME4857Assignment2-master/install/bt/lib/python3.12/site-packages/bt_nodes/fire_safety.py'...\n"}
[33.500585] (bt) StdoutLine: {'line': b"Compiling '/home/fintan/ME4857Assignment2-master/install/bt/lib/python3.12/site-packages/bt_nodes/navigate_to_server.py'...\n"}
[33.500813] (bt) StdoutLine: {'line': b"Compiling '/home/fintan/ME4857Assignment2-master/install/bt/lib/python3.12/site-packages/bt_nodes/obstacle_monitor.py'...\n"}
[33.501078] (bt) StdoutLine: {'line': b"Compiling '/home/fintan/ME4857Assignment2-master/install/bt/lib/python3.12/site-packages/bt_nodes/tf_publisher.py'...\n"}
[33.509662] (bt) StdoutLine: {'line': b'-- Installing: /home/fintan/ME4857Assignment2-master/install/bt/share/bt/bt_xml\n'}
[33.510219] (bt) StdoutLine: {'line': b'-- Installing: /home/fintan/ME4857Assignment2-master/install/bt/share/bt/bt_xml/bt.xml\n'}
[33.510755] (bt) StdoutLine: {'line': b'-- Installing: /home/fintan/ME4857Assignment2-master/install/bt/share/bt/launch\n'}
[33.511155] (bt) StdoutLine: {'line': b'-- Installing: /home/fintan/ME4857Assignment2-master/install/bt/share/bt/launch/bt_launch.py\n'}
[33.511825] (bt) StdoutLine: {'line': b'-- Installing: /home/fintan/ME4857Assignment2-master/install/bt/lib/bt/bt_runner.py\n'}
[33.512122] (bt) StdoutLine: {'line': b'-- Installing: /home/fintan/ME4857Assignment2-master/install/bt/lib/bt/battery_monitor.py\n'}
[33.512525] (bt) StdoutLine: {'line': b'-- Installing: /home/fintan/ME4857Assignment2-master/install/bt/lib/bt/fire_safety.py\n'}
[33.512760] (bt) StdoutLine: {'line': b'-- Installing: /home/fintan/ME4857Assignment2-master/install/bt/lib/bt/tf_publisher.py\n'}
[33.512984] (bt) StdoutLine: {'line': b'-- Installing: /home/fintan/ME4857Assignment2-master/install/bt/lib/bt/navigate_to_server.py\n'}
[33.513172] (bt) StdoutLine: {'line': b'-- Installing: /home/fintan/ME4857Assignment2-master/install/bt/lib/bt/obstacle_monitor.py\n'}
[33.513538] (bt) StdoutLine: {'line': b'-- Installing: /home/fintan/ME4857Assignment2-master/install/bt/lib/bt/cmd_vel_converter.py\n'}
[33.513718] (bt) StdoutLine: {'line': b'-- Installing: /home/fintan/ME4857Assignment2-master/install/bt/lib/bt/camera_colour_detector.py\n'}
[33.514198] (-) TimerEvent: {}
[33.514829] (bt) StdoutLine: {'line': b'-- Installing: /home/fintan/ME4857Assignment2-master/install/bt/share/ament_index/resource_index/package_run_dependencies/bt\n'}
[33.516552] (bt) StdoutLine: {'line': b'-- Installing: /home/fintan/ME4857Assignment2-master/install/bt/share/ament_index/resource_index/parent_prefix_path/bt\n'}
[33.517090] (bt) StdoutLine: {'line': b'-- Installing: /home/fintan/ME4857Assignment2-master/install/bt/share/bt/environment/ament_prefix_path.sh\n'}
[33.517680] (bt) StdoutLine: {'line': b'-- Installing: /home/fintan/ME4857Assignment2-master/install/bt/share/bt/environment/ament_prefix_path.dsv\n'}
[33.518094] (bt) StdoutLine: {'line': b'-- Installing: /home/fintan/ME4857Assignment2-master/install/bt/share/bt/environment/path.sh\n'}
[33.518498] (bt) StdoutLine: {'line': b'-- Installing: /home/fintan/ME4857Assignment2-master/install/bt/share/bt/environment/path.dsv\n'}
[33.518789] (bt) StdoutLine: {'line': b'-- Installing: /home/fintan/ME4857Assignment2-master/install/bt/share/bt/local_setup.bash\n'}
[33.519097] (bt) StdoutLine: {'line': b'-- Installing: /home/fintan/ME4857Assignment2-master/install/bt/share/bt/local_setup.sh\n'}
[33.519297] (bt) StdoutLine: {'line': b'-- Installing: /home/fintan/ME4857Assignment2-master/install/bt/share/bt/local_setup.zsh\n'}
[33.519701] (bt) StdoutLine: {'line': b'-- Installing: /home/fintan/ME4857Assignment2-master/install/bt/share/bt/local_setup.dsv\n'}
[33.519863] (bt) StdoutLine: {'line': b'-- Installing: /home/fintan/ME4857Assignment2-master/install/bt/share/bt/package.dsv\n'}
[33.520165] (bt) StdoutLine: {'line': b'-- Installing: /home/fintan/ME4857Assignment2-master/install/bt/share/ament_index/resource_index/packages/bt\n'}
[33.520815] (bt) StdoutLine: {'line': b'-- Installing: /home/fintan/ME4857Assignment2-master/install/bt/share/bt/cmake/btConfig.cmake\n'}
[33.521113] (bt) StdoutLine: {'line': b'-- Installing: /home/fintan/ME4857Assignment2-master/install/bt/share/bt/cmake/btConfig-version.cmake\n'}
[33.521598] (bt) StdoutLine: {'line': b'-- Installing: /home/fintan/ME4857Assignment2-master/install/bt/share/bt/package.xml\n'}
[33.526329] (bt) CommandEnded: {'returncode': 0}
[33.564374] (bt) JobEnded: {'identifier': 'bt', 'rc': 0}
[33.568409] (start_up) JobStarted: {'identifier': 'start_up'}
[33.614424] (-) TimerEvent: {}
[33.715065] (-) TimerEvent: {}
[33.815818] (-) TimerEvent: {}
[33.916578] (-) TimerEvent: {}
[34.016972] (-) TimerEvent: {}
[34.117293] (-) TimerEvent: {}
[34.216393] (start_up) JobProgress: {'identifier': 'start_up', 'progress': 'cmake'}
[34.217493] (-) TimerEvent: {}
[34.220718] (start_up) Command: {'cmd': ['/usr/bin/cmake', '/home/fintan/ME4857Assignment2-master/src/start_up', '-DCMAKE_INSTALL_PREFIX=/home/fintan/ME4857Assignment2-master/install/start_up'], 'cwd': '/home/fintan/ME4857Assignment2-master/build/start_up', 'env': OrderedDict({'PYTHON_BASIC_REPL': '1', 'LESSOPEN': '| /usr/bin/lesspipe %s', 'GZ_SIM_RESOURCE_PATH': '/opt/ros/jazzy/share', 'USER': 'fintan', 'GZ_CONFIG_PATH': '/opt/ros/jazzy/opt/gz_sim_vendor/share/gz:/opt/ros/jazzy/opt/sdformat_vendor/share/gz:/opt/ros/jazzy/opt/gz_gui_vendor/share/gz:/opt/ros/jazzy/opt/gz_transport_vendor/share/gz:/opt/ros/jazzy/opt/gz_rendering_vendor/share/gz:/opt/ros/jazzy/opt/gz_plugin_vendor/share/gz:/opt/ros/jazzy/opt/gz_fuel_tools_vendor/share/gz:/opt/ros/jazzy/opt/gz_msgs_vendor/share/gz:/opt/ros/jazzy/opt/gz_common_vendor/share/gz', 'GIT_ASKPASS': '/home/fintan/.vscode-server/bin/034f571df509819cc10b0c8129f66ef77a542f0e/extensions/git/dist/askpass.sh', 'SHLVL': '2', 'LD_LIBRARY_PATH': '/home/fintan/ME4857Assignment2-master/install/sr_interfaces/lib:/opt/ros/jazzy/opt/gz_sim_vendor/lib:/opt/ros/jazzy/opt/gz_sensors_vendor/lib:/opt/ros/jazzy/opt/gz_physics_vendor/lib:/opt/ros/jazzy/opt/sdformat_vendor/lib:/opt/ros/jazzy/opt/rviz_ogre_vendor/lib:/opt/ros/jazzy/lib/x86_64-linux-gnu:/opt/ros/jazzy/opt/gz_gui_vendor/lib:/opt/ros/jazzy/opt/gz_transport_vendor/lib:/opt/ros/jazzy/opt/gz_rendering_vendor/lib:/opt/ros/jazzy/opt/gz_plugin_vendor/lib:/opt/ros/jazzy/opt/gz_fuel_tools_vendor/lib:/opt/ros/jazzy/opt/gz_msgs_vendor/lib:/opt/ros/jazzy/opt/gz_common_vendor/lib:/opt/ros/jazzy/opt/gz_math_vendor/lib:/opt/ros/jazzy/opt/gz_utils_vendor/lib:/opt/ros/jazzy/opt/gz_tools_vendor/lib:/opt/ros/jazzy/opt/gz_ogre_next_vendor/lib:/opt/ros/jazzy/opt/gz_dartsim_vendor/lib:/opt/ros/jazzy/opt/gz_cmake_vendor/lib:/opt/ros/jazzy/lib', 'HOME': '/home/fintan', 'TERM_PROGRAM_VERSION': '1.118.1', 'VSCODE_IPC_HOOK_CLI': '/run/user/1000/vscode-ipc-2ba379c7-4516-42f4-82f1-e99d6d20f8f5.sock', 'ROS_PYTHON_VERSION': '3', 'VSCODE_GIT_ASKPASS_MAIN': '/home/fintan/.vscode-server/bin/034f571df509819cc10b0c8129f66ef77a542f0e/extensions/git/dist/askpass-main.js', 'VSCODE_GIT_ASKPASS_NODE': '/home/fintan/.vscode-server/bin/034f571df509819cc10b0c8129f66ef77a542f0e/node', 'PYDEVD_DISABLE_FILE_VALIDATION': '1', 'BUNDLED_DEBUGPY_PATH': '/home/fintan/.vscode-server/extensions/ms-python.debugpy-2026.6.0-linux-x64/bundled/libs/debugpy', 'VSCODE_PYTHON_AUTOACTIVATE_GUARD': '1', 'DBUS_SESSION_BUS_ADDRESS': 'unix:path=/run/user/1000/bus', 'COLORTERM': 'truecolor', 'WSL_DISTRO_NAME': 'Ubuntu-24.04', 'WAYLAND_DISPLAY': 'wayland-0', 'ROS_DISTRO': 'jazzy', 'LOGNAME': 'fintan', 'NAME': 'Code', 'WSL_INTEROP': '/run/WSL/626_interop', 'PULSE_SERVER': 'unix:/mnt/wslg/PulseServer', '_': '/usr/bin/colcon', 'ROS_VERSION': '2', 'CLAUDE_CODE_SSE_PORT': '12561', 'TERM': 'xterm-256color', 'PATH': '/home/fintan/.vscode-server/bin/034f571df509819cc10b0c8129f66ef77a542f0e/bin/remote-cli:/opt/ros/jazzy/opt/gz_msgs_vendor/bin:/opt/ros/jazzy/opt/gz_tools_vendor/bin:/opt/ros/jazzy/opt/gz_ogre_next_vendor/bin:/opt/ros/jazzy/bin:/usr/local/sbin:/usr/local/bin:/usr/sbin:/usr/bin:/sbin:/bin:/usr/games:/usr/local/games:/usr/lib/wsl/lib:/mnt/c/Program Files/WindowsApps/MicrosoftCorporationII.WindowsSubsystemForLinux_2.6.3.0_x64__8wekyb3d8bbwe:/mnt/c/Program Files/Oculus/Support/oculus-runtime:/mnt/c/Program Files (x86)/NVIDIA Corporation/PhysX/Common:/mnt/c/WINDOWS/system32:/mnt/c/WINDOWS:/mnt/c/WINDOWS/System32/Wbem:/mnt/c/WINDOWS/System32/WindowsPowerShell/v1.0/:/mnt/c/WINDOWS/System32/OpenSSH/:/mnt/c/Program Files (x86)/Microsoft SQL Server/80/Tools/Binn/:/mnt/c/Program Files (x86)/IVI Foundation/VISA/WinNT/Bin/:/mnt/c/Program Files/IVI Foundation/VISA/Win64/Bin/:/mnt/c/Program Files (x86)/Microsoft SQL Server/110/Tools/Binn/:/mnt/c/Program Files (x86)/Microsoft SQL Server/110/DTS/Binn/:/mnt/c/Program Files (x86)/National Instruments/Shared/LabVIEW CLI:/mnt/c/Program Files (x86)/IVI Foundation/VISA/WinNT/Bin:/mnt/c/Program Files/MATLAB/R2024a/runtime/win64:/mnt/c/Program Files/MATLAB/R2024a/bin:/mnt/c/Program Files/dotnet/:/mnt/c/Program Files (x86)/Windows Kits/10/Windows Performance Toolkit/:/mnt/c/Program Files (x86)/Windows Kits/8.1/Windows Performance Toolkit/:/mnt/c/WINDOWS/system32:/mnt/c/WINDOWS:/mnt/c/WINDOWS/System32/Wbem:/mnt/c/WINDOWS/System32/WindowsPowerShell/v1.0/:/mnt/c/WINDOWS/System32/OpenSSH/:/mnt/c/Program Files/Git/cmd:/mnt/c/Users/finta/AppData/Local/Microsoft/WindowsApps:/mnt/c/Users/finta/.dotnet/tools:/mnt/c/Users/finta/AppData/Local/Programs/Microsoft VS Code/bin:/snap/bin:/home/fintan/.vscode-server/extensions/ms-python.debugpy-2026.6.0-linux-x64/bundled/scripts/noConfigScripts', 'XDG_RUNTIME_DIR': '/run/user/1000/', 'DISPLAY': ':0', 'VSCODE_DEBUGPY_ADAPTER_ENDPOINTS': '/home/fintan/.vscode-server/extensions/ms-python.debugpy-2026.6.0-linux-x64/.noConfigDebugAdapterEndpoints/endpoint-636eeb89a7caa7be.txt', 'LANG': 'en_US.UTF-8', 'PYTHONSTARTUP': '/home/fintan/.vscode-server/data/User/workspaceStorage/4725ec95605af0bd791a71f3d485e46e/ms-python.python/pythonrc.py', 'LS_COLORS': 'rs=0:di=01;34:ln=01;36:mh=00:pi=40;33:so=01;35:do=01;35:bd=40;33;01:cd=40;33;01:or=40;31;01:mi=00:su=37;41:sg=30;43:ca=00:tw=30;42:ow=34;42:st=37;44:ex=01;32:*.tar=01;31:*.tgz=01;31:*.arc=01;31:*.arj=01;31:*.taz=01;31:*.lha=01;31:*.lz4=01;31:*.lzh=01;31:*.lzma=01;31:*.tlz=01;31:*.txz=01;31:*.tzo=01;31:*.t7z=01;31:*.zip=01;31:*.z=01;31:*.dz=01;31:*.gz=01;31:*.lrz=01;31:*.lz=01;31:*.lzo=01;31:*.xz=01;31:*.zst=01;31:*.tzst=01;31:*.bz2=01;31:*.bz=01;31:*.tbz=01;31:*.tbz2=01;31:*.tz=01;31:*.deb=01;31:*.rpm=01;31:*.jar=01;31:*.war=01;31:*.ear=01;31:*.sar=01;31:*.rar=01;31:*.alz=01;31:*.ace=01;31:*.zoo=01;31:*.cpio=01;31:*.7z=01;31:*.rz=01;31:*.cab=01;31:*.wim=01;31:*.swm=01;31:*.dwm=01;31:*.esd=01;31:*.avif=01;35:*.jpg=01;35:*.jpeg=01;35:*.mjpg=01;35:*.mjpeg=01;35:*.gif=01;35:*.bmp=01;35:*.pbm=01;35:*.pgm=01;35:*.ppm=01;35:*.tga=01;35:*.xbm=01;35:*.xpm=01;35:*.tif=01;35:*.tiff=01;35:*.png=01;35:*.svg=01;35:*.svgz=01;35:*.mng=01;35:*.pcx=01;35:*.mov=01;35:*.mpg=01;35:*.mpeg=01;35:*.m2v=01;35:*.mkv=01;35:*.webm=01;35:*.webp=01;35:*.ogm=01;35:*.mp4=01;35:*.m4v=01;35:*.mp4v=01;35:*.vob=01;35:*.qt=01;35:*.nuv=01;35:*.wmv=01;35:*.asf=01;35:*.rm=01;35:*.rmvb=01;35:*.flc=01;35:*.avi=01;35:*.fli=01;35:*.flv=01;35:*.gl=01;35:*.dl=01;35:*.xcf=01;35:*.xwd=01;35:*.yuv=01;35:*.cgm=01;35:*.emf=01;35:*.ogv=01;35:*.ogx=01;35:*.aac=00;36:*.au=00;36:*.flac=00;36:*.m4a=00;36:*.mid=00;36:*.midi=00;36:*.mka=00;36:*.mp3=00;36:*.mpc=00;36:*.ogg=00;36:*.ra=00;36:*.wav=00;36:*.oga=00;36:*.opus=00;36:*.spx=00;36:*.xspf=00;36:*~=00;90:*#=00;90:*.bak=00;90:*.crdownload=00;90:*.dpkg-dist=00;90:*.dpkg-new=00;90:*.dpkg-old=00;90:*.dpkg-tmp=00;90:*.old=00;90:*.orig=00;90:*.part=00;90:*.rej=00;90:*.rpmnew=00;90:*.rpmorig=00;90:*.rpmsave=00;90:*.swp=00;90:*.tmp=00;90:*.ucf-dist=00;90:*.ucf-new=00;90:*.ucf-old=00;90:', 'VSCODE_GIT_IPC_HANDLE': '/run/user/1000/vscode-git-3ab7d89383.sock', 'TERM_PROGRAM': 'vscode', 'AMENT_PREFIX_PATH': '/home/fintan/ME4857Assignment2-master/install/bt:/home/fintan/ME4857Assignment2-master/install/sr_interfaces:/home/fintan/ME4857Assignment2-master/install/robot_model:/opt/ros/jazzy', 'SHELL': '/bin/bash', 'LESSCLOSE': '/usr/bin/lesspipe %s %s', 'ROS_AUTOMATIC_DISCOVERY_RANGE': 'SUBNET', 'VSCODE_GIT_ASKPASS_EXTRA_ARGS': '', 'PWD': '/home/fintan/ME4857Assignment2-master/build/start_up', 'XDG_DATA_DIRS': '/usr/local/share:/usr/share:/var/lib/snapd/desktop', 'PYTHONPATH': '/home/fintan/ME4857Assignment2-master/install/bt/lib/python3.12/site-packages:/home/fintan/ME4857Assignment2-master/install/sr_interfaces/lib/python3.12/site-packages:/opt/ros/jazzy/lib/python3.12/site-packages', 'COLCON': '1', 'WSL2_GUI_APPS_ENABLED': '1', 'HOSTTYPE': 'x86_64', 'CMAKE_PREFIX_PATH': '/home/fintan/ME4857Assignment2-master/install/bt:/home/fintan/ME4857Assignment2-master/install/sr_interfaces:/home/fintan/ME4857Assignment2-master/install/robot_model:/opt/ros/jazzy/opt/gz_sim_vendor:/opt/ros/jazzy/opt/gz_sensors_vendor:/opt/ros/jazzy/opt/gz_physics_vendor:/opt/ros/jazzy/opt/sdformat_vendor:/opt/ros/jazzy/opt/gz_gui_vendor:/opt/ros/jazzy/opt/gz_transport_vendor:/opt/ros/jazzy/opt/gz_rendering_vendor:/opt/ros/jazzy/opt/gz_plugin_vendor:/opt/ros/jazzy/opt/gz_fuel_tools_vendor:/opt/ros/jazzy/opt/gz_msgs_vendor:/opt/ros/jazzy/opt/gz_common_vendor:/opt/ros/jazzy/opt/gz_math_vendor:/opt/ros/jazzy/opt/gz_utils_vendor:/opt/ros/jazzy/opt/gz_tools_vendor:/opt/ros/jazzy/opt/gz_ogre_next_vendor:/opt/ros/jazzy/opt/gz_dartsim_vendor:/opt/ros/jazzy/opt/gz_cmake_vendor:/opt/ros/jazzy', 'WSLENV': 'ELECTRON_RUN_AS_NODE/w:'}), 'shell': False}
[34.317578] (-) TimerEvent: {}
[34.418262] (-) TimerEvent: {}
[34.518778] (-) TimerEvent: {}
[34.619219] (-) TimerEvent: {}
[34.620547] (start_up) StdoutLine: {'line': b'-- The C compiler identification is GNU 13.3.0\n'}
[34.719301] (-) TimerEvent: {}
[34.819693] (-) TimerEvent: {}
[34.920050] (-) TimerEvent: {}
[35.020441] (-) TimerEvent: {}
[35.120830] (-) TimerEvent: {}
[35.221175] (-) TimerEvent: {}
[35.321498] (-) TimerEvent: {}
[35.421805] (-) TimerEvent: {}
[35.522136] (-) TimerEvent: {}
[35.622553] (-) TimerEvent: {}
[35.722944] (-) TimerEvent: {}
[35.823349] (-) TimerEvent: {}
[35.876099] (start_up) StdoutLine: {'line': b'-- The CXX compiler identification is GNU 13.3.0\n'}
[35.923534] (-) TimerEvent: {}
[36.024078] (-) TimerEvent: {}
[36.124665] (-) TimerEvent: {}
[36.225207] (-) TimerEvent: {}
[36.325637] (-) TimerEvent: {}
[36.425966] (-) TimerEvent: {}
[36.526312] (-) TimerEvent: {}
[36.626720] (-) TimerEvent: {}
[36.727274] (-) TimerEvent: {}
[36.827772] (-) TimerEvent: {}
[36.928072] (-) TimerEvent: {}
[37.028428] (-) TimerEvent: {}
[37.128716] (-) TimerEvent: {}
[37.144696] (start_up) StdoutLine: {'line': b'-- Detecting C compiler ABI info\n'}
[37.228808] (-) TimerEvent: {}
[37.329230] (-) TimerEvent: {}
[37.429788] (-) TimerEvent: {}
[37.530229] (-) TimerEvent: {}
[37.630672] (-) TimerEvent: {}
[37.731160] (-) TimerEvent: {}
[37.778333] (start_up) StdoutLine: {'line': b'-- Detecting C compiler ABI info - done\n'}
[37.793647] (start_up) StdoutLine: {'line': b'-- Check for working C compiler: /usr/bin/cc - skipped\n'}
[37.794441] (start_up) StdoutLine: {'line': b'-- Detecting C compile features\n'}
[37.795659] (start_up) StdoutLine: {'line': b'-- Detecting C compile features - done\n'}
[37.831278] (-) TimerEvent: {}
[37.931711] (-) TimerEvent: {}
[37.995931] (start_up) StdoutLine: {'line': b'-- Detecting CXX compiler ABI info\n'}
[38.031906] (-) TimerEvent: {}
[38.132573] (-) TimerEvent: {}
[38.233111] (-) TimerEvent: {}
[38.333542] (-) TimerEvent: {}
[38.433865] (-) TimerEvent: {}
[38.534365] (-) TimerEvent: {}
[38.615863] (start_up) StdoutLine: {'line': b'-- Detecting CXX compiler ABI info - done\n'}
[38.630453] (start_up) StdoutLine: {'line': b'-- Check for working CXX compiler: /usr/bin/c++ - skipped\n'}
[38.631311] (start_up) StdoutLine: {'line': b'-- Detecting CXX compile features\n'}
[38.632395] (start_up) StdoutLine: {'line': b'-- Detecting CXX compile features - done\n'}
[38.634538] (-) TimerEvent: {}
[38.639975] (start_up) StdoutLine: {'line': b'-- Found ament_cmake: 2.5.6 (/opt/ros/jazzy/share/ament_cmake/cmake)\n'}
[38.734666] (-) TimerEvent: {}
[38.835062] (-) TimerEvent: {}
[38.906543] (start_up) StdoutLine: {'line': b'-- Found Python3: /usr/bin/python3 (found version "3.12.3") found components: Interpreter \n'}
[38.935368] (-) TimerEvent: {}
[39.035945] (-) TimerEvent: {}
[39.136452] (-) TimerEvent: {}
[39.236827] (-) TimerEvent: {}
[39.337255] (-) TimerEvent: {}
[39.339560] (start_up) StdoutLine: {'line': b'-- Configuring done (5.1s)\n'}
[39.350469] (start_up) StdoutLine: {'line': b'-- Generating done (0.0s)\n'}
[39.354290] (start_up) StdoutLine: {'line': b'-- Build files have been written to: /home/fintan/ME4857Assignment2-master/build/start_up\n'}
[39.363507] (start_up) CommandEnded: {'returncode': 0}
[39.364445] (start_up) JobProgress: {'identifier': 'start_up', 'progress': 'build'}
[39.365203] (start_up) Command: {'cmd': ['/usr/bin/cmake', '--build', '/home/fintan/ME4857Assignment2-master/build/start_up', '--', '-j12', '-l12'], 'cwd': '/home/fintan/ME4857Assignment2-master/build/start_up', 'env': OrderedDict({'PYTHON_BASIC_REPL': '1', 'LESSOPEN': '| /usr/bin/lesspipe %s', 'GZ_SIM_RESOURCE_PATH': '/opt/ros/jazzy/share', 'USER': 'fintan', 'GZ_CONFIG_PATH': '/opt/ros/jazzy/opt/gz_sim_vendor/share/gz:/opt/ros/jazzy/opt/sdformat_vendor/share/gz:/opt/ros/jazzy/opt/gz_gui_vendor/share/gz:/opt/ros/jazzy/opt/gz_transport_vendor/share/gz:/opt/ros/jazzy/opt/gz_rendering_vendor/share/gz:/opt/ros/jazzy/opt/gz_plugin_vendor/share/gz:/opt/ros/jazzy/opt/gz_fuel_tools_vendor/share/gz:/opt/ros/jazzy/opt/gz_msgs_vendor/share/gz:/opt/ros/jazzy/opt/gz_common_vendor/share/gz', 'GIT_ASKPASS': '/home/fintan/.vscode-server/bin/034f571df509819cc10b0c8129f66ef77a542f0e/extensions/git/dist/askpass.sh', 'SHLVL': '2', 'LD_LIBRARY_PATH': '/home/fintan/ME4857Assignment2-master/install/sr_interfaces/lib:/opt/ros/jazzy/opt/gz_sim_vendor/lib:/opt/ros/jazzy/opt/gz_sensors_vendor/lib:/opt/ros/jazzy/opt/gz_physics_vendor/lib:/opt/ros/jazzy/opt/sdformat_vendor/lib:/opt/ros/jazzy/opt/rviz_ogre_vendor/lib:/opt/ros/jazzy/lib/x86_64-linux-gnu:/opt/ros/jazzy/opt/gz_gui_vendor/lib:/opt/ros/jazzy/opt/gz_transport_vendor/lib:/opt/ros/jazzy/opt/gz_rendering_vendor/lib:/opt/ros/jazzy/opt/gz_plugin_vendor/lib:/opt/ros/jazzy/opt/gz_fuel_tools_vendor/lib:/opt/ros/jazzy/opt/gz_msgs_vendor/lib:/opt/ros/jazzy/opt/gz_common_vendor/lib:/opt/ros/jazzy/opt/gz_math_vendor/lib:/opt/ros/jazzy/opt/gz_utils_vendor/lib:/opt/ros/jazzy/opt/gz_tools_vendor/lib:/opt/ros/jazzy/opt/gz_ogre_next_vendor/lib:/opt/ros/jazzy/opt/gz_dartsim_vendor/lib:/opt/ros/jazzy/opt/gz_cmake_vendor/lib:/opt/ros/jazzy/lib', 'HOME': '/home/fintan', 'TERM_PROGRAM_VERSION': '1.118.1', 'VSCODE_IPC_HOOK_CLI': '/run/user/1000/vscode-ipc-2ba379c7-4516-42f4-82f1-e99d6d20f8f5.sock', 'ROS_PYTHON_VERSION': '3', 'VSCODE_GIT_ASKPASS_MAIN': '/home/fintan/.vscode-server/bin/034f571df509819cc10b0c8129f66ef77a542f0e/extensions/git/dist/askpass-main.js', 'VSCODE_GIT_ASKPASS_NODE': '/home/fintan/.vscode-server/bin/034f571df509819cc10b0c8129f66ef77a542f0e/node', 'PYDEVD_DISABLE_FILE_VALIDATION': '1', 'BUNDLED_DEBUGPY_PATH': '/home/fintan/.vscode-server/extensions/ms-python.debugpy-2026.6.0-linux-x64/bundled/libs/debugpy', 'VSCODE_PYTHON_AUTOACTIVATE_GUARD': '1', 'DBUS_SESSION_BUS_ADDRESS': 'unix:path=/run/user/1000/bus', 'COLORTERM': 'truecolor', 'WSL_DISTRO_NAME': 'Ubuntu-24.04', 'WAYLAND_DISPLAY': 'wayland-0', 'ROS_DISTRO': 'jazzy', 'LOGNAME': 'fintan', 'NAME': 'Code', 'WSL_INTEROP': '/run/WSL/626_interop', 'PULSE_SERVER': 'unix:/mnt/wslg/PulseServer', '_': '/usr/bin/colcon', 'ROS_VERSION': '2', 'CLAUDE_CODE_SSE_PORT': '12561', 'TERM': 'xterm-256color', 'PATH': '/home/fintan/.vscode-server/bin/034f571df509819cc10b0c8129f66ef77a542f0e/bin/remote-cli:/opt/ros/jazzy/opt/gz_msgs_vendor/bin:/opt/ros/jazzy/opt/gz_tools_vendor/bin:/opt/ros/jazzy/opt/gz_ogre_next_vendor/bin:/opt/ros/jazzy/bin:/usr/local/sbin:/usr/local/bin:/usr/sbin:/usr/bin:/sbin:/bin:/usr/games:/usr/local/games:/usr/lib/wsl/lib:/mnt/c/Program Files/WindowsApps/MicrosoftCorporationII.WindowsSubsystemForLinux_2.6.3.0_x64__8wekyb3d8bbwe:/mnt/c/Program Files/Oculus/Support/oculus-runtime:/mnt/c/Program Files (x86)/NVIDIA Corporation/PhysX/Common:/mnt/c/WINDOWS/system32:/mnt/c/WINDOWS:/mnt/c/WINDOWS/System32/Wbem:/mnt/c/WINDOWS/System32/WindowsPowerShell/v1.0/:/mnt/c/WINDOWS/System32/OpenSSH/:/mnt/c/Program Files (x86)/Microsoft SQL Server/80/Tools/Binn/:/mnt/c/Program Files (x86)/IVI Foundation/VISA/WinNT/Bin/:/mnt/c/Program Files/IVI Foundation/VISA/Win64/Bin/:/mnt/c/Program Files (x86)/Microsoft SQL Server/110/Tools/Binn/:/mnt/c/Program Files (x86)/Microsoft SQL Server/110/DTS/Binn/:/mnt/c/Program Files (x86)/National Instruments/Shared/LabVIEW CLI:/mnt/c/Program Files (x86)/IVI Foundation/VISA/WinNT/Bin:/mnt/c/Program Files/MATLAB/R2024a/runtime/win64:/mnt/c/Program Files/MATLAB/R2024a/bin:/mnt/c/Program Files/dotnet/:/mnt/c/Program Files (x86)/Windows Kits/10/Windows Performance Toolkit/:/mnt/c/Program Files (x86)/Windows Kits/8.1/Windows Performance Toolkit/:/mnt/c/WINDOWS/system32:/mnt/c/WINDOWS:/mnt/c/WINDOWS/System32/Wbem:/mnt/c/WINDOWS/System32/WindowsPowerShell/v1.0/:/mnt/c/WINDOWS/System32/OpenSSH/:/mnt/c/Program Files/Git/cmd:/mnt/c/Users/finta/AppData/Local/Microsoft/WindowsApps:/mnt/c/Users/finta/.dotnet/tools:/mnt/c/Users/finta/AppData/Local/Programs/Microsoft VS Code/bin:/snap/bin:/home/fintan/.vscode-server/extensions/ms-python.debugpy-2026.6.0-linux-x64/bundled/scripts/noConfigScripts', 'XDG_RUNTIME_DIR': '/run/user/1000/', 'DISPLAY': ':0', 'VSCODE_DEBUGPY_ADAPTER_ENDPOINTS': '/home/fintan/.vscode-server/extensions/ms-python.debugpy-2026.6.0-linux-x64/.noConfigDebugAdapterEndpoints/endpoint-636eeb89a7caa7be.txt', 'LANG': 'en_US.UTF-8', 'PYTHONSTARTUP': '/home/fintan/.vscode-server/data/User/workspaceStorage/4725ec95605af0bd791a71f3d485e46e/ms-python.python/pythonrc.py', 'LS_COLORS': 'rs=0:di=01;34:ln=01;36:mh=00:pi=40;33:so=01;35:do=01;35:bd=40;33;01:cd=40;33;01:or=40;31;01:mi=00:su=37;41:sg=30;43:ca=00:tw=30;42:ow=34;42:st=37;44:ex=01;32:*.tar=01;31:*.tgz=01;31:*.arc=01;31:*.arj=01;31:*.taz=01;31:*.lha=01;31:*.lz4=01;31:*.lzh=01;31:*.lzma=01;31:*.tlz=01;31:*.txz=01;31:*.tzo=01;31:*.t7z=01;31:*.zip=01;31:*.z=01;31:*.dz=01;31:*.gz=01;31:*.lrz=01;31:*.lz=01;31:*.lzo=01;31:*.xz=01;31:*.zst=01;31:*.tzst=01;31:*.bz2=01;31:*.bz=01;31:*.tbz=01;31:*.tbz2=01;31:*.tz=01;31:*.deb=01;31:*.rpm=01;31:*.jar=01;31:*.war=01;31:*.ear=01;31:*.sar=01;31:*.rar=01;31:*.alz=01;31:*.ace=01;31:*.zoo=01;31:*.cpio=01;31:*.7z=01;31:*.rz=01;31:*.cab=01;31:*.wim=01;31:*.swm=01;31:*.dwm=01;31:*.esd=01;31:*.avif=01;35:*.jpg=01;35:*.jpeg=01;35:*.mjpg=01;35:*.mjpeg=01;35:*.gif=01;35:*.bmp=01;35:*.pbm=01;35:*.pgm=01;35:*.ppm=01;35:*.tga=01;35:*.xbm=01;35:*.xpm=01;35:*.tif=01;35:*.tiff=01;35:*.png=01;35:*.svg=01;35:*.svgz=01;35:*.mng=01;35:*.pcx=01;35:*.mov=01;35:*.mpg=01;35:*.mpeg=01;35:*.m2v=01;35:*.mkv=01;35:*.webm=01;35:*.webp=01;35:*.ogm=01;35:*.mp4=01;35:*.m4v=01;35:*.mp4v=01;35:*.vob=01;35:*.qt=01;35:*.nuv=01;35:*.wmv=01;35:*.asf=01;35:*.rm=01;35:*.rmvb=01;35:*.flc=01;35:*.avi=01;35:*.fli=01;35:*.flv=01;35:*.gl=01;35:*.dl=01;35:*.xcf=01;35:*.xwd=01;35:*.yuv=01;35:*.cgm=01;35:*.emf=01;35:*.ogv=01;35:*.ogx=01;35:*.aac=00;36:*.au=00;36:*.flac=00;36:*.m4a=00;36:*.mid=00;36:*.midi=00;36:*.mka=00;36:*.mp3=00;36:*.mpc=00;36:*.ogg=00;36:*.ra=00;36:*.wav=00;36:*.oga=00;36:*.opus=00;36:*.spx=00;36:*.xspf=00;36:*~=00;90:*#=00;90:*.bak=00;90:*.crdownload=00;90:*.dpkg-dist=00;90:*.dpkg-new=00;90:*.dpkg-old=00;90:*.dpkg-tmp=00;90:*.old=00;90:*.orig=00;90:*.part=00;90:*.rej=00;90:*.rpmnew=00;90:*.rpmorig=00;90:*.rpmsave=00;90:*.swp=00;90:*.tmp=00;90:*.ucf-dist=00;90:*.ucf-new=00;90:*.ucf-old=00;90:', 'VSCODE_GIT_IPC_HANDLE': '/run/user/1000/vscode-git-3ab7d89383.sock', 'TERM_PROGRAM': 'vscode', 'AMENT_PREFIX_PATH': '/home/fintan/ME4857Assignment2-master/install/bt:/home/fintan/ME4857Assignment2-master/install/sr_interfaces:/home/fintan/ME4857Assignment2-master/install/robot_model:/opt/ros/jazzy', 'SHELL': '/bin/bash', 'LESSCLOSE': '/usr/bin/lesspipe %s %s', 'ROS_AUTOMATIC_DISCOVERY_RANGE': 'SUBNET', 'VSCODE_GIT_ASKPASS_EXTRA_ARGS': '', 'PWD': '/home/fintan/ME4857Assignment2-master/build/start_up', 'XDG_DATA_DIRS': '/usr/local/share:/usr/share:/var/lib/snapd/desktop', 'PYTHONPATH': '/home/fintan/ME4857Assignment2-master/install/bt/lib/python3.12/site-packages:/home/fintan/ME4857Assignment2-master/install/sr_interfaces/lib/python3.12/site-packages:/opt/ros/jazzy/lib/python3.12/site-packages', 'COLCON': '1', 'WSL2_GUI_APPS_ENABLED': '1', 'HOSTTYPE': 'x86_64', 'CMAKE_PREFIX_PATH': '/home/fintan/ME4857Assignment2-master/install/bt:/home/fintan/ME4857Assignment2-master/install/sr_interfaces:/home/fintan/ME4857Assignment2-master/install/robot_model:/opt/ros/jazzy/opt/gz_sim_vendor:/opt/ros/jazzy/opt/gz_sensors_vendor:/opt/ros/jazzy/opt/gz_physics_vendor:/opt/ros/jazzy/opt/sdformat_vendor:/opt/ros/jazzy/opt/gz_gui_vendor:/opt/ros/jazzy/opt/gz_transport_vendor:/opt/ros/jazzy/opt/gz_rendering_vendor:/opt/ros/jazzy/opt/gz_plugin_vendor:/opt/ros/jazzy/opt/gz_fuel_tools_vendor:/opt/ros/jazzy/opt/gz_msgs_vendor:/opt/ros/jazzy/opt/gz_common_vendor:/opt/ros/jazzy/opt/gz_math_vendor:/opt/ros/jazzy/opt/gz_utils_vendor:/opt/ros/jazzy/opt/gz_tools_vendor:/opt/ros/jazzy/opt/gz_ogre_next_vendor:/opt/ros/jazzy/opt/gz_dartsim_vendor:/opt/ros/jazzy/opt/gz_cmake_vendor:/opt/ros/jazzy', 'WSLENV': 'ELECTRON_RUN_AS_NODE/w:'}), 'shell': False}
[39.437455] (-) TimerEvent: {}
[39.440466] (start_up) CommandEnded: {'returncode': 0}
[39.442230] (start_up) JobProgress: {'identifier': 'start_up', 'progress': 'install'}
[39.442423] (start_up) Command: {'cmd': ['/usr/bin/cmake', '--install', '/home/fintan/ME4857Assignment2-master/build/start_up'], 'cwd': '/home/fintan/ME4857Assignment2-master/build/start_up', 'env': OrderedDict({'PYTHON_BASIC_REPL': '1', 'LESSOPEN': '| /usr/bin/lesspipe %s', 'GZ_SIM_RESOURCE_PATH': '/opt/ros/jazzy/share', 'USER': 'fintan', 'GZ_CONFIG_PATH': '/opt/ros/jazzy/opt/gz_sim_vendor/share/gz:/opt/ros/jazzy/opt/sdformat_vendor/share/gz:/opt/ros/jazzy/opt/gz_gui_vendor/share/gz:/opt/ros/jazzy/opt/gz_transport_vendor/share/gz:/opt/ros/jazzy/opt/gz_rendering_vendor/share/gz:/opt/ros/jazzy/opt/gz_plugin_vendor/share/gz:/opt/ros/jazzy/opt/gz_fuel_tools_vendor/share/gz:/opt/ros/jazzy/opt/gz_msgs_vendor/share/gz:/opt/ros/jazzy/opt/gz_common_vendor/share/gz', 'GIT_ASKPASS': '/home/fintan/.vscode-server/bin/034f571df509819cc10b0c8129f66ef77a542f0e/extensions/git/dist/askpass.sh', 'SHLVL': '2', 'LD_LIBRARY_PATH': '/home/fintan/ME4857Assignment2-master/install/sr_interfaces/lib:/opt/ros/jazzy/opt/gz_sim_vendor/lib:/opt/ros/jazzy/opt/gz_sensors_vendor/lib:/opt/ros/jazzy/opt/gz_physics_vendor/lib:/opt/ros/jazzy/opt/sdformat_vendor/lib:/opt/ros/jazzy/opt/rviz_ogre_vendor/lib:/opt/ros/jazzy/lib/x86_64-linux-gnu:/opt/ros/jazzy/opt/gz_gui_vendor/lib:/opt/ros/jazzy/opt/gz_transport_vendor/lib:/opt/ros/jazzy/opt/gz_rendering_vendor/lib:/opt/ros/jazzy/opt/gz_plugin_vendor/lib:/opt/ros/jazzy/opt/gz_fuel_tools_vendor/lib:/opt/ros/jazzy/opt/gz_msgs_vendor/lib:/opt/ros/jazzy/opt/gz_common_vendor/lib:/opt/ros/jazzy/opt/gz_math_vendor/lib:/opt/ros/jazzy/opt/gz_utils_vendor/lib:/opt/ros/jazzy/opt/gz_tools_vendor/lib:/opt/ros/jazzy/opt/gz_ogre_next_vendor/lib:/opt/ros/jazzy/opt/gz_dartsim_vendor/lib:/opt/ros/jazzy/opt/gz_cmake_vendor/lib:/opt/ros/jazzy/lib', 'HOME': '/home/fintan', 'TERM_PROGRAM_VERSION': '1.118.1', 'VSCODE_IPC_HOOK_CLI': '/run/user/1000/vscode-ipc-2ba379c7-4516-42f4-82f1-e99d6d20f8f5.sock', 'ROS_PYTHON_VERSION': '3', 'VSCODE_GIT_ASKPASS_MAIN': '/home/fintan/.vscode-server/bin/034f571df509819cc10b0c8129f66ef77a542f0e/extensions/git/dist/askpass-main.js', 'VSCODE_GIT_ASKPASS_NODE': '/home/fintan/.vscode-server/bin/034f571df509819cc10b0c8129f66ef77a542f0e/node', 'PYDEVD_DISABLE_FILE_VALIDATION': '1', 'BUNDLED_DEBUGPY_PATH': '/home/fintan/.vscode-server/extensions/ms-python.debugpy-2026.6.0-linux-x64/bundled/libs/debugpy', 'VSCODE_PYTHON_AUTOACTIVATE_GUARD': '1', 'DBUS_SESSION_BUS_ADDRESS': 'unix:path=/run/user/1000/bus', 'COLORTERM': 'truecolor', 'WSL_DISTRO_NAME': 'Ubuntu-24.04', 'WAYLAND_DISPLAY': 'wayland-0', 'ROS_DISTRO': 'jazzy', 'LOGNAME': 'fintan', 'NAME': 'Code', 'WSL_INTEROP': '/run/WSL/626_interop', 'PULSE_SERVER': 'unix:/mnt/wslg/PulseServer', '_': '/usr/bin/colcon', 'ROS_VERSION': '2', 'CLAUDE_CODE_SSE_PORT': '12561', 'TERM': 'xterm-256color', 'PATH': '/home/fintan/.vscode-server/bin/034f571df509819cc10b0c8129f66ef77a542f0e/bin/remote-cli:/opt/ros/jazzy/opt/gz_msgs_vendor/bin:/opt/ros/jazzy/opt/gz_tools_vendor/bin:/opt/ros/jazzy/opt/gz_ogre_next_vendor/bin:/opt/ros/jazzy/bin:/usr/local/sbin:/usr/local/bin:/usr/sbin:/usr/bin:/sbin:/bin:/usr/games:/usr/local/games:/usr/lib/wsl/lib:/mnt/c/Program Files/WindowsApps/MicrosoftCorporationII.WindowsSubsystemForLinux_2.6.3.0_x64__8wekyb3d8bbwe:/mnt/c/Program Files/Oculus/Support/oculus-runtime:/mnt/c/Program Files (x86)/NVIDIA Corporation/PhysX/Common:/mnt/c/WINDOWS/system32:/mnt/c/WINDOWS:/mnt/c/WINDOWS/System32/Wbem:/mnt/c/WINDOWS/System32/WindowsPowerShell/v1.0/:/mnt/c/WINDOWS/System32/OpenSSH/:/mnt/c/Program Files (x86)/Microsoft SQL Server/80/Tools/Binn/:/mnt/c/Program Files (x86)/IVI Foundation/VISA/WinNT/Bin/:/mnt/c/Program Files/IVI Foundation/VISA/Win64/Bin/:/mnt/c/Program Files (x86)/Microsoft SQL Server/110/Tools/Binn/:/mnt/c/Program Files (x86)/Microsoft SQL Server/110/DTS/Binn/:/mnt/c/Program Files (x86)/National Instruments/Shared/LabVIEW CLI:/mnt/c/Program Files (x86)/IVI Foundation/VISA/WinNT/Bin:/mnt/c/Program Files/MATLAB/R2024a/runtime/win64:/mnt/c/Program Files/MATLAB/R2024a/bin:/mnt/c/Program Files/dotnet/:/mnt/c/Program Files (x86)/Windows Kits/10/Windows Performance Toolkit/:/mnt/c/Program Files (x86)/Windows Kits/8.1/Windows Performance Toolkit/:/mnt/c/WINDOWS/system32:/mnt/c/WINDOWS:/mnt/c/WINDOWS/System32/Wbem:/mnt/c/WINDOWS/System32/WindowsPowerShell/v1.0/:/mnt/c/WINDOWS/System32/OpenSSH/:/mnt/c/Program Files/Git/cmd:/mnt/c/Users/finta/AppData/Local/Microsoft/WindowsApps:/mnt/c/Users/finta/.dotnet/tools:/mnt/c/Users/finta/AppData/Local/Programs/Microsoft VS Code/bin:/snap/bin:/home/fintan/.vscode-server/extensions/ms-python.debugpy-2026.6.0-linux-x64/bundled/scripts/noConfigScripts', 'XDG_RUNTIME_DIR': '/run/user/1000/', 'DISPLAY': ':0', 'VSCODE_DEBUGPY_ADAPTER_ENDPOINTS': '/home/fintan/.vscode-server/extensions/ms-python.debugpy-2026.6.0-linux-x64/.noConfigDebugAdapterEndpoints/endpoint-636eeb89a7caa7be.txt', 'LANG': 'en_US.UTF-8', 'PYTHONSTARTUP': '/home/fintan/.vscode-server/data/User/workspaceStorage/4725ec95605af0bd791a71f3d485e46e/ms-python.python/pythonrc.py', 'LS_COLORS': 'rs=0:di=01;34:ln=01;36:mh=00:pi=40;33:so=01;35:do=01;35:bd=40;33;01:cd=40;33;01:or=40;31;01:mi=00:su=37;41:sg=30;43:ca=00:tw=30;42:ow=34;42:st=37;44:ex=01;32:*.tar=01;31:*.tgz=01;31:*.arc=01;31:*.arj=01;31:*.taz=01;31:*.lha=01;31:*.lz4=01;31:*.lzh=01;31:*.lzma=01;31:*.tlz=01;31:*.txz=01;31:*.tzo=01;31:*.t7z=01;31:*.zip=01;31:*.z=01;31:*.dz=01;31:*.gz=01;31:*.lrz=01;31:*.lz=01;31:*.lzo=01;31:*.xz=01;31:*.zst=01;31:*.tzst=01;31:*.bz2=01;31:*.bz=01;31:*.tbz=01;31:*.tbz2=01;31:*.tz=01;31:*.deb=01;31:*.rpm=01;31:*.jar=01;31:*.war=01;31:*.ear=01;31:*.sar=01;31:*.rar=01;31:*.alz=01;31:*.ace=01;31:*.zoo=01;31:*.cpio=01;31:*.7z=01;31:*.rz=01;31:*.cab=01;31:*.wim=01;31:*.swm=01;31:*.dwm=01;31:*.esd=01;31:*.avif=01;35:*.jpg=01;35:*.jpeg=01;35:*.mjpg=01;35:*.mjpeg=01;35:*.gif=01;35:*.bmp=01;35:*.pbm=01;35:*.pgm=01;35:*.ppm=01;35:*.tga=01;35:*.xbm=01;35:*.xpm=01;35:*.tif=01;35:*.tiff=01;35:*.png=01;35:*.svg=01;35:*.svgz=01;35:*.mng=01;35:*.pcx=01;35:*.mov=01;35:*.mpg=01;35:*.mpeg=01;35:*.m2v=01;35:*.mkv=01;35:*.webm=01;35:*.webp=01;35:*.ogm=01;35:*.mp4=01;35:*.m4v=01;35:*.mp4v=01;35:*.vob=01;35:*.qt=01;35:*.nuv=01;35:*.wmv=01;35:*.asf=01;35:*.rm=01;35:*.rmvb=01;35:*.flc=01;35:*.avi=01;35:*.fli=01;35:*.flv=01;35:*.gl=01;35:*.dl=01;35:*.xcf=01;35:*.xwd=01;35:*.yuv=01;35:*.cgm=01;35:*.emf=01;35:*.ogv=01;35:*.ogx=01;35:*.aac=00;36:*.au=00;36:*.flac=00;36:*.m4a=00;36:*.mid=00;36:*.midi=00;36:*.mka=00;36:*.mp3=00;36:*.mpc=00;36:*.ogg=00;36:*.ra=00;36:*.wav=00;36:*.oga=00;36:*.opus=00;36:*.spx=00;36:*.xspf=00;36:*~=00;90:*#=00;90:*.bak=00;90:*.crdownload=00;90:*.dpkg-dist=00;90:*.dpkg-new=00;90:*.dpkg-old=00;90:*.dpkg-tmp=00;90:*.old=00;90:*.orig=00;90:*.part=00;90:*.rej=00;90:*.rpmnew=00;90:*.rpmorig=00;90:*.rpmsave=00;90:*.swp=00;90:*.tmp=00;90:*.ucf-dist=00;90:*.ucf-new=00;90:*.ucf-old=00;90:', 'VSCODE_GIT_IPC_HANDLE': '/run/user/1000/vscode-git-3ab7d89383.sock', 'TERM_PROGRAM': 'vscode', 'AMENT_PREFIX_PATH': '/home/fintan/ME4857Assignment2-master/install/bt:/home/fintan/ME4857Assignment2-master/install/sr_interfaces:/home/fintan/ME4857Assignment2-master/install/robot_model:/opt/ros/jazzy', 'SHELL': '/bin/bash', 'LESSCLOSE': '/usr/bin/lesspipe %s %s', 'ROS_AUTOMATIC_DISCOVERY_RANGE': 'SUBNET', 'VSCODE_GIT_ASKPASS_EXTRA_ARGS': '', 'PWD': '/home/fintan/ME4857Assignment2-master/build/start_up', 'XDG_DATA_DIRS': '/usr/local/share:/usr/share:/var/lib/snapd/desktop', 'PYTHONPATH': '/home/fintan/ME4857Assignment2-master/install/bt/lib/python3.12/site-packages:/home/fintan/ME4857Assignment2-master/install/sr_interfaces/lib/python3.12/site-packages:/opt/ros/jazzy/lib/python3.12/site-packages', 'COLCON': '1', 'WSL2_GUI_APPS_ENABLED': '1', 'HOSTTYPE': 'x86_64', 'CMAKE_PREFIX_PATH': '/home/fintan/ME4857Assignment2-master/install/bt:/home/fintan/ME4857Assignment2-master/install/sr_interfaces:/home/fintan/ME4857Assignment2-master/install/robot_model:/opt/ros/jazzy/opt/gz_sim_vendor:/opt/ros/jazzy/opt/gz_sensors_vendor:/opt/ros/jazzy/opt/gz_physics_vendor:/opt/ros/jazzy/opt/sdformat_vendor:/opt/ros/jazzy/opt/gz_gui_vendor:/opt/ros/jazzy/opt/gz_transport_vendor:/opt/ros/jazzy/opt/gz_rendering_vendor:/opt/ros/jazzy/opt/gz_plugin_vendor:/opt/ros/jazzy/opt/gz_fuel_tools_vendor:/opt/ros/jazzy/opt/gz_msgs_vendor:/opt/ros/jazzy/opt/gz_common_vendor:/opt/ros/jazzy/opt/gz_math_vendor:/opt/ros/jazzy/opt/gz_utils_vendor:/opt/ros/jazzy/opt/gz_tools_vendor:/opt/ros/jazzy/opt/gz_ogre_next_vendor:/opt/ros/jazzy/opt/gz_dartsim_vendor:/opt/ros/jazzy/opt/gz_cmake_vendor:/opt/ros/jazzy', 'WSLENV': 'ELECTRON_RUN_AS_NODE/w:'}), 'shell': False}
[39.466854] (start_up) StdoutLine: {'line': b'-- Install configuration: ""\n'}
[39.467488] (start_up) StdoutLine: {'line': b'-- Installing: /home/fintan/ME4857Assignment2-master/install/start_up/share/start_up/launch\n'}
[39.468808] (start_up) StdoutLine: {'line': b'-- Installing: /home/fintan/ME4857Assignment2-master/install/start_up/share/start_up/launch/start_up.py\n'}
[39.469238] (start_up) StdoutLine: {'line': b'-- Installing: /home/fintan/ME4857Assignment2-master/install/start_up/share/start_up/config\n'}
[39.469687] (start_up) StdoutLine: {'line': b'-- Installing: /home/fintan/ME4857Assignment2-master/install/start_up/share/start_up/config/mission.yaml\n'}
[39.471099] (start_up) StdoutLine: {'line': b'-- Installing: /home/fintan/ME4857Assignment2-master/install/start_up/share/ament_index/resource_index/package_run_dependencies/start_up\n'}
[39.472027] (start_up) StdoutLine: {'line': b'-- Installing: /home/fintan/ME4857Assignment2-master/install/start_up/share/ament_index/resource_index/parent_prefix_path/start_up\n'}
[39.472922] (start_up) StdoutLine: {'line': b'-- Installing: /home/fintan/ME4857Assignment2-master/install/start_up/share/start_up/environment/ament_prefix_path.sh\n'}
[39.473366] (start_up) StdoutLine: {'line': b'-- Installing: /home/fintan/ME4857Assignment2-master/install/start_up/share/start_up/environment/ament_prefix_path.dsv\n'}
[39.474175] (start_up) StdoutLine: {'line': b'-- Installing: /home/fintan/ME4857Assignment2-master/install/start_up/share/start_up/environment/path.sh\n'}
[39.475497] (start_up) StdoutLine: {'line': b'-- Installing: /home/fintan/ME4857Assignment2-master/install/start_up/share/start_up/environment/path.dsv\n'}
[39.475822] (start_up) StdoutLine: {'line': b'-- Installing: /home/fintan/ME4857Assignment2-master/install/start_up/share/start_up/local_setup.bash\n'}
[39.476040] (start_up) StdoutLine: {'line': b'-- Installing: /home/fintan/ME4857Assignment2-master/install/start_up/share/start_up/local_setup.sh\n'}
[39.476749] (start_up) StdoutLine: {'line': b'-- Installing: /home/fintan/ME4857Assignment2-master/install/start_up/share/start_up/local_setup.zsh\n'}
[39.477386] (start_up) StdoutLine: {'line': b'-- Installing: /home/fintan/ME4857Assignment2-master/install/start_up/share/start_up/local_setup.dsv\n'}
[39.478101] (start_up) StdoutLine: {'line': b'-- Installing: /home/fintan/ME4857Assignment2-master/install/start_up/share/start_up/package.dsv\n'}
[39.481524] (start_up) StdoutLine: {'line': b'-- Installing: /home/fintan/ME4857Assignment2-master/install/start_up/share/ament_index/resource_index/packages/start_up\n'}
[39.482359] (start_up) StdoutLine: {'line': b'-- Installing: /home/fintan/ME4857Assignment2-master/install/start_up/share/start_up/cmake/start_upConfig.cmake\n'}
[39.482814] (start_up) StdoutLine: {'line': b'-- Installing: /home/fintan/ME4857Assignment2-master/install/start_up/share/start_up/cmake/start_upConfig-version.cmake\n'}
[39.483088] (start_up) StdoutLine: {'line': b'-- Installing: /home/fintan/ME4857Assignment2-master/install/start_up/share/start_up/package.xml\n'}
[39.485185] (start_up) CommandEnded: {'returncode': 0}
[39.513551] (start_up) JobEnded: {'identifier': 'start_up', 'rc': 0}
[39.515758] (-) EventReactorShutdown: {}
